[[Politics]]






Precinct                      Registered Voters             Ballots Cast                  Voter Turnout                 
001                           1039                          14                            1.35%
002                           2309                          68                            2.94%
003                           1210                          19                            1.57%
004                           3210                          131                           4.08%
005                           2062                          16                            0.78%
006                           3128                          199                           6.36%
007                           3349                          384                           11.47%
008                           2046                          240                           11.73%
009                           3229                          168                           5.20%
010                           2395                          87                            3.63%
011                           2026                          33                            1.63%
012                           3491                          77                            2.21%
013                           4337                          348                           8.02%
014                           1160                          75                            6.47%
015                           854                           26                            3.04%
016                           2281                          38                            1.67%
017                           1229                          9                             0.73%
018                           1988                          143                           7.19%
019                           187                           17                            9.09%
020                           2783                          27                            0.97%
021                           588                           14                            2.38%
022                           807                           16                            1.98%
023                           2277                          71                            3.12%
024                           283                           19                            6.71%
025                           2837                          131                           4.62%
026                           1006                          63                            6.26%
027                           987                           39                            3.95%
028                           3532                          59                            1.67%
029                           2004                          72                            3.59%
030                           2386                          32                            1.34%
031                           2792                          80                            2.87%
032                           2372                          80                            3.37%
033                           1566                          28                            1.79%
034                           946                           93                            9.83%
035                           3358                          110                           3.28%
036                           3301                          126                           3.82%
037                           1010                          99                            9.80%
038                           3732                          343                           9.19%
039                           2410                          51                            2.12%
040                           3280                          24                            0.73%
041                           2884                          22                            0.76%
042                           3656                          84                            2.30%
043                           2434                          45                            1.85%
044                           2866                          15                            0.52%
045                           1505                          87                            5.78%
046                           519                           14                            2.70%
047                           1790                          70                            3.91%
048                           3680                          81                            2.20%
049                           2811                          174                           6.19%
050                           2685                          49                            1.82%
051                           3545                          34                            0.96%
052                           3726                          144                           3.86%
053                           3424                          90                            2.63%
054                           2356                          221                           9.38%
055                           2549                          46                            1.80%
056                           2623                          75                            2.86%
057                           1012                          21                            2.08%
058                           4288                          86                            2.01%
059                           2650                          29                            1.09%
060                           3964                          102                           2.57%
061                           2816                          40                            1.42%
062                           2608                          418                           16.03%
063                           837                           21                            2.51%
064                           3817                          22                            0.58%
065                           2247                          186                           8.28%
066                           1276                          125                           9.80%
067                           2796                          458                           16.38%
068                           4564                          87                            1.91%
069                           4208                          36                            0.86%
070                           2475                          33                            1.33%
071                           2117                          71                            3.35%
072                           1318                          142                           10.77%
073                           2856                          462                           16.18%
074                           1557                          93                            5.97%
075                           2542                          37                            1.46%
077                           1955                          55                            2.81%
078                           2315                          23                            0.99%
079                           1790                          20                            1.12%
080                           0                             1                             0.00%
081                           2504                          291                           11.62%
082                           230                           22                            9.57%
083                           4319                          450                           10.42%
084                           1336                          77                            5.76%
085                           4072                          112                           2.75%
086                           698                           43                            6.16%
087                           2215                          17                            0.77%
088                           3230                          67                            2.07%
089                           631                           26                            4.12%
090                           4123                          56                            1.36%
091                           1145                          24                            2.10%
092                           610                           3                             0.49%
093                           281                           11                            3.91%
094                           2887                          49                            1.70%
095                           4454                          69                            1.55%
096                           2891                          416                           14.39%
097                           2749                          181                           6.58%
098                           3971                          85                            2.14%
099                           4322                          48                            1.11%
100                           3018                          69                            2.29%
101                           833                           52                            6.24%
102                           1127                          137                           12.16%
103                           3047                          354                           11.62%
104                           3933                          53                            1.35%
105                           3774                          225                           5.96%
106                           2758                          119                           4.31%
107                           2329                          162                           6.96%
108                           2400                          71                            2.96%
109                           3578                          88                            2.46%
110                           1579                          17                            1.08%
111                           2299                          104                           4.52%
112                           1741                          28                            1.61%
113                           2946                          86                            2.92%
114                           4127                          282                           6.83%
115                           2916                          78                            2.67%
116                           2933                          133                           4.53%
117                           3516                          51                            1.45%
118                           2722                          61                            2.24%
119                           1430                          38                            2.66%
120                           2394                          54                            2.26%
121                           364                           10                            2.75%
122                           2876                          24                            0.83%
123                           912                           28                            3.07%
124                           1354                          180                           13.29%
125                           1425                          39                            2.74%
126                           1863                          67                            3.60%
127                           1021                          18                            1.76%
128                           2664                          31                            1.16%
129                           184                           21                            11.41%
130                           1532                          40                            2.61%
131                           25                            0                             0.00%
132                           1022                          25                            2.45%
133                           168                           0                             0.00%
134                           1994                          332                           16.65%
135                           1864                          183                           9.82%
136                           1567                          220                           14.04%
137                           64                            8                             12.50%
138                           493                           12                            2.43%
139                           469                           33                            7.04%
140                           14                            2                             14.29%
141                           433                           10                            2.31%
142                           2521                          48                            1.90%
143                           3925                          98                            2.50%
144                           56                            1                             1.79%
145                           1130                          18                            1.59%
146                           3517                          40                            1.14%
147                           219                           6                             2.74%
148                           120                           3                             2.50%
149                           100                           1                             1.00%
150                           1589                          87                            5.48%
151                           3859                          258                           6.69%
152                           2669                          111                           4.16%
153                           481                           4                             0.83%
154                           3062                          75                            2.45%
155                           696                           20                            2.87%
156                           1921                          39                            2.03%
157                           1439                          17                            1.18%
158                           2470                          47                            1.90%
159                           688                           7                             1.02%
160                           414                           30                            7.25%
161                           2287                          163                           7.13%
162                           710                           131                           18.45%
163                           4442                          45                            1.01%
164                           2511                          179                           7.13%
165                           821                           60                            7.31%
166                           738                           42                            5.69%
167                           619                           71                            11.47%
168                           460                           20                            4.35%
169                           497                           3                             0.60%
170                           1047                          9                             0.86%
171                           1405                          66                            4.70%
172                           48                            1                             2.08%
173                           1996                          58                            2.91%
174                           1126                          15                            1.33%
175                           1338                          27                            2.02%
176                           1956                          38                            1.94%
177                           923                           10                            1.08%
178                           0                             0                             0.00%
179                           689                           11                            1.60%
180                           731                           7                             0.96%
181                           873                           122                           13.97%
182                           1738                          10                            0.58%
183                           3681                          64                            1.74%
184                           46                            4                             8.70%
185                           0                             0                             0.00%
186                           214                           5                             2.34%
187                           2925                          71                            2.43%
188                           2637                          198                           7.51%
189                           1254                          10                            0.80%
190                           713                           32                            4.49%
191                           757                           19                            2.51%
192                           655                           13                            1.98%
193                           681                           13                            1.91%
194                           2293                          78                            3.40%
195                           1264                          101                           7.99%
196                           948                           58                            6.12%
197                           1884                          6                             0.32%
198                           685                           4                             0.58%
199                           3112                          355                           11.41%
200                           2421                          325                           13.42%
201                           1314                          107                           8.14%
202                           976                           78                            7.99%
203                           3667                          96                            2.62%
204                           978                           24                            2.45%
205                           364                           5                             1.37%
206                           1773                          100                           5.64%
207                           2793                          321                           11.49%
208                           36                            6                             16.67%
209                           2303                          21                            0.91%
210                           676                           3                             0.44%
211                           886                           69                            7.79%
212                           2794                          55                            1.97%
213                           226                           9                             3.98%
214                           2167                          71                            3.28%
215                           1478                          35                            2.37%
216                           1713                          120                           7.01%
217                           234                           1                             0.43%
218                           1190                          14                            1.18%
219                           1619                          22                            1.36%
220                           666                           13                            1.95%
221                           2058                          134                           6.51%
222                           1979                          38                            1.92%
223                           862                           47                            5.45%
224                           221                           35                            15.84%
225                           352                           7                             1.99%
226                           4060                          27                            0.67%
227                           3888                          29                            0.75%
228                           1855                          15                            0.81%
229                           1547                          14                            0.90%
230                           1514                          70                            4.62%
231                           454                           15                            3.30%
232                           1873                          30                            1.60%
233                           1                             0                             0.00%
234                           2123                          28                            1.32%
235                           295                           20                            6.78%
236                           547                           21                            3.84%
237                           1006                          12                            1.19%
238                           199                           8                             4.02%
239                           3084                          83                            2.69%
240                           1097                          53                            4.83%
241                           1075                          4                             0.37%
242                           60                            2                             3.33%
243                           76                            6                             7.89%
244                           874                           34                            3.89%
245                           559                           5                             0.89%
246                           2                             0                             0.00%
247                           208                           10                            4.81%
248                           60                            0                             0.00%
249                           478                           10                            2.09%
250                           2193                          23                            1.05%
251                           11                            0                             0.00%
252                           9                             1                             11.11%
253                           385                           8                             2.08%
254                           3099                          19                            0.61%
255                           290                           11                            3.79%
256                           343                           35                            10.20%
257                           556                           10                            1.80%
258                           0                             0                             0.00%
259                           1182                          11                            0.93%
Total:                        461553                        18479                         4.00%

                                                                                                                                   Lieutenant Governor
                                                            Marcos Isaias Velez                                                                                                     Vikki Goodwin                                                                                                           
Precinct                      Registered Voters             Absentee                      Election                      Early                         Choice Total                  Absentee                      Election                      Early                         Choice Total                  Total                         
001                           1039                          0                             2                             1                             3                             0                             1                             1                             2                             5                             
002                           2309                          4                             2                             8                             14                            7                             4                             2                             13                            27                            
003                           1210                          3                             3                             1                             7                             0                             5                             0                             5                             12                            
004                           3210                          5                             21                            26                            52                            6                             4                             16                            26                            78                            
005                           2062                          2                             4                             3                             9                             0                             3                             0                             3                             12                            
006                           3128                          3                             12                            41                            56                            7                             12                            20                            39                            95                            
007                           3349                          4                             22                            61                            87                            8                             21                            60                            89                            176                           
008                           2046                          0                             21                            42                            63                            2                             15                            36                            53                            116                           
009                           3229                          1                             14                            28                            43                            5                             12                            18                            35                            78                            
010                           2395                          19                            5                             9                             33                            7                             6                             11                            24                            57                            
011                           2026                          6                             3                             4                             13                            3                             5                             7                             15                            28                            
012                           3491                          3                             9                             7                             19                            5                             10                            9                             24                            43                            
013                           4337                          13                            40                            82                            135                           9                             26                            62                            97                            232                           
014                           1160                          7                             10                            14                            31                            1                             3                             11                            15                            46                            
015                           854                           0                             0                             3                             3                             5                             0                             2                             7                             10                            
016                           2281                          3                             9                             5                             17                            3                             5                             3                             11                            28                            
017                           1229                          0                             0                             1                             1                             0                             0                             0                             0                             1                             
018                           1988                          3                             11                            30                            44                            1                             11                            23                            35                            79                            
019                           187                           1                             0                             1                             2                             0                             2                             1                             3                             5                             
020                           2783                          2                             7                             5                             14                            0                             2                             2                             4                             18                            
021                           588                           5                             0                             1                             6                             0                             1                             0                             1                             7                             
022                           807                           4                             2                             3                             9                             0                             0                             0                             0                             9                             
023                           2277                          7                             9                             3                             19                            1                             3                             1                             5                             24                            
024                           283                           0                             0                             0                             0                             0                             0                             0                             0                             0                             
025                           2837                          6                             10                            11                            27                            6                             7                             15                            28                            55                            
026                           1006                          2                             10                            10                            22                            1                             4                             9                             14                            36                            
027                           987                           1                             6                             5                             12                            4                             6                             5                             15                            27                            
028                           3532                          1                             5                             6                             12                            0                             3                             6                             9                             21                            
029                           2004                          1                             3                             1                             5                             1                             8                             2                             11                            16                            
030                           2386                          1                             5                             8                             14                            0                             9                             1                             10                            24                            
031                           2792                          2                             6                             3                             11                            2                             9                             3                             14                            25                            
032                           2372                          8                             6                             12                            26                            1                             3                             6                             10                            36                            
033                           1566                          2                             3                             0                             5                             1                             3                             0                             4                             9                             
034                           946                           1                             15                            13                            29                            4                             7                             18                            29                            58                            
035                           3358                          10                            18                            7                             35                            7                             8                             9                             24                            59                            
036                           3301                          14                            6                             17                            37                            7                             12                            16                            35                            72                            
037                           1010                          1                             15                            13                            29                            2                             14                            21                            37                            66                            
038                           3732                          5                             42                            56                            103                           3                             26                            47                            76                            179                           
039                           2410                          1                             6                             7                             14                            7                             5                             2                             14                            28                            
040                           3280                          0                             3                             1                             4                             1                             2                             2                             5                             9                             
041                           2884                          2                             5                             4                             11                            0                             0                             3                             3                             14                            
042                           3656                          4                             3                             5                             12                            3                             2                             3                             8                             20                            
043                           2434                          2                             2                             7                             11                            0                             3                             1                             4                             15                            
044                           2866                          0                             2                             3                             5                             2                             2                             0                             4                             9                             
045                           1505                          6                             4                             4                             14                            4                             2                             4                             10                            24                            
046                           519                           1                             0                             1                             2                             1                             0                             5                             6                             8                             
047                           1790                          11                            4                             15                            30                            4                             7                             5                             16                            46                            
048                           3680                          4                             10                            10                            24                            2                             9                             8                             19                            43                            
049                           2811                          12                            14                            55                            81                            5                             8                             31                            44                            125                           
050                           2685                          3                             2                             5                             10                            1                             5                             9                             15                            25                            
051                           3545                          5                             3                             7                             15                            4                             0                             0                             4                             19                            
052                           3726                          5                             10                            16                            31                            2                             10                            10                            22                            53                            
053                           3424                          5                             4                             14                            23                            3                             6                             12                            21                            44                            
054                           2356                          6                             29                            51                            86                            1                             12                            30                            43                            129                           
055                           2549                          9                             3                             2                             14                            2                             1                             0                             3                             17                            
056                           2623                          19                            14                            10                            43                            4                             6                             1                             11                            54                            
057                           1012                          1                             4                             2                             7                             1                             1                             3                             5                             12                            
058                           4288                          3                             11                            8                             22                            1                             6                             9                             16                            38                            
059                           2650                          2                             2                             0                             4                             0                             7                             4                             11                            15                            
060                           3964                          1                             16                            22                            39                            0                             8                             19                            27                            66                            
061                           2816                          3                             1                             2                             6                             1                             1                             5                             7                             13                            
062                           2608                          6                             27                            64                            97                            7                             21                            73                            101                           198                           
063                           837                           0                             2                             4                             6                             4                             1                             2                             7                             13                            
064                           3817                          4                             4                             1                             9                             2                             2                             0                             4                             13                            
065                           2247                          3                             14                            42                            59                            1                             15                            36                            52                            111                           
066                           1276                          3                             11                            25                            39                            1                             7                             33                            41                            80                            
067                           2796                          8                             51                            75                            134                           4                             32                            94                            130                           264                           
068                           4564                          7                             7                             12                            26                            1                             3                             2                             6                             32                            
069                           4208                          5                             1                             6                             12                            2                             1                             5                             8                             20                            
070                           2475                          1                             2                             1                             4                             4                             3                             8                             15                            19                            
071                           2117                          6                             3                             6                             15                            2                             2                             5                             9                             24                            
072                           1318                          5                             6                             44                            55                            3                             4                             21                            28                            83                            
073                           2856                          2                             21                            94                            117                           5                             36                            82                            123                           240                           
074                           1557                          2                             7                             19                            28                            4                             7                             13                            24                            52                            
075                           2542                          3                             6                             3                             12                            1                             3                             1                             5                             17                            
077                           1955                          3                             1                             8                             12                            1                             4                             5                             10                            22                            
078                           2315                          2                             0                             5                             7                             0                             1                             3                             4                             11                            
079                           1790                          2                             4                             0                             6                             1                             1                             0                             2                             8                             
080                           0                             0                             0                             0                             0                             0                             0                             0                             0                             0                             
081                           2504                          5                             29                            79                            113                           8                             16                            56                            80                            193                           
082                           230                           0                             2                             2                             4                             0                             2                             4                             6                             10                            
083                           4319                          3                             46                            84                            133                           5                             35                            59                            99                            232                           
084                           1336                          3                             6                             19                            28                            1                             7                             7                             15                            43                            
085                           4072                          19                            14                            12                            45                            4                             10                            3                             17                            62                            
086                           698                           1                             1                             6                             8                             0                             3                             3                             6                             14                            
087                           2215                          4                             0                             1                             5                             0                             1                             0                             1                             6                             
088                           3230                          25                            2                             16                            43                            3                             2                             3                             8                             51                            
089                           631                           0                             2                             2                             4                             0                             3                             0                             3                             7                             
090                           4123                          12                            4                             10                            26                            8                             6                             5                             19                            45                            
091                           1145                          0                             0                             2                             2                             0                             2                             1                             3                             5                             
092                           610                           0                             1                             1                             2                             0                             0                             0                             0                             2                             
093                           281                           0                             1                             0                             1                             1                             0                             1                             2                             3                             
094                           2887                          8                             5                             5                             18                            0                             0                             4                             4                             22                            
095                           4454                          3                             8                             18                            29                            1                             3                             7                             11                            40                            
096                           2891                          5                             30                            88                            123                           12                            27                            73                            112                           235                           
097                           2749                          11                            14                            41                            66                            2                             10                            21                            33                            99                            
098                           3971                          13                            10                            17                            40                            4                             5                             8                             17                            57                            
099                           4322                          7                             2                             7                             16                            3                             1                             3                             7                             23                            
100                           3018                          6                             6                             9                             21                            2                             1                             5                             8                             29                            
101                           833                           0                             8                             3                             11                            0                             2                             2                             4                             15                            
102                           1127                          5                             6                             4                             15                            9                             5                             9                             23                            38                            
103                           3047                          15                            39                            50                            104                           6                             26                            56                            88                            192                           
104                           3933                          0                             5                             7                             12                            4                             0                             5                             9                             21                            
105                           3774                          10                            29                            56                            95                            4                             8                             37                            49                            144                           
106                           2758                          3                             12                            14                            29                            2                             10                            14                            26                            55                            
107                           2329                          6                             23                            38                            67                            6                             10                            20                            36                            103                           
108                           2400                          9                             6                             15                            30                            2                             4                             15                            21                            51                            
109                           3578                          1                             7                             16                            24                            4                             6                             26                            36                            60                            
110                           1579                          4                             3                             1                             8                             2                             1                             1                             4                             12                            
111                           2299                          6                             4                             5                             15                            4                             3                             9                             16                            31                            
112                           1741                          6                             1                             5                             12                            3                             0                             1                             4                             16                            
113                           2946                          5                             0                             2                             7                             2                             3                             9                             14                            21                            
114                           4127                          15                            10                            9                             34                            17                            8                             10                            35                            69                            
115                           2916                          6                             4                             9                             19                            9                             3                             8                             20                            39                            
116                           2933                          5                             14                            25                            44                            4                             9                             12                            25                            69                            
117                           3516                          11                            5                             1                             17                            0                             3                             5                             8                             25                            
118                           2722                          2                             4                             10                            16                            3                             0                             10                            13                            29                            
119                           1430                          1                             3                             11                            15                            0                             4                             7                             11                            26                            
120                           2394                          6                             5                             3                             14                            4                             8                             3                             15                            29                            
121                           364                           0                             1                             1                             2                             0                             2                             0                             2                             4                             
122                           2876                          1                             4                             6                             11                            0                             0                             2                             2                             13                            
123                           912                           0                             2                             3                             5                             0                             2                             2                             4                             9                             
124                           1354                          3                             14                            38                            55                            3                             13                            40                            56                            111                           
125                           1425                          3                             7                             3                             13                            0                             2                             5                             7                             20                            
126                           1863                          0                             7                             3                             10                            2                             3                             10                            15                            25                            
127                           1021                          0                             3                             6                             9                             0                             0                             2                             2                             11                            
128                           2664                          6                             2                             7                             15                            0                             5                             0                             5                             20                            
129                           184                           0                             1                             5                             6                             1                             2                             1                             4                             10                            
130                           1532                          1                             4                             2                             7                             0                             3                             3                             6                             13                            
131                           25                            0                             0                             0                             0                             0                             0                             0                             0                             0                             
132                           1022                          3                             2                             3                             8                             0                             1                             0                             1                             9                             
133                           168                           0                             0                             0                             0                             0                             0                             0                             0                             0                             
134                           1994                          6                             25                            47                            78                            11                            30                            76                            117                           195                           
135                           1864                          3                             31                            24                            58                            4                             12                            31                            47                            105                           
136                           1567                          6                             17                            42                            65                            8                             7                             44                            59                            124                           
137                           64                            0                             0                             0                             0                             0                             0                             0                             0                             0                             
138                           493                           3                             1                             4                             8                             0                             0                             2                             2                             10                            
139                           469                           0                             4                             4                             8                             0                             3                             9                             12                            20                            
140                           14                            0                             2                             0                             2                             0                             0                             0                             0                             2                             
141                           433                           0                             1                             5                             6                             0                             0                             0                             0                             6                             
142                           2521                          4                             3                             8                             15                            1                             5                             5                             11                            26                            
143                           3925                          7                             3                             9                             19                            3                             7                             7                             17                            36                            
144                           56                            0                             0                             0                             0                             0                             1                             0                             1                             1                             
145                           1130                          5                             0                             0                             5                             0                             0                             0                             0                             5                             
146                           3517                          3                             4                             11                            18                            2                             1                             7                             10                            28                            
147                           219                           0                             0                             0                             0                             1                             0                             1                             2                             2                             
148                           120                           0                             1                             1                             2                             0                             0                             1                             1                             3                             
149                           100                           0                             0                             0                             0                             0                             0                             1                             1                             1                             
150                           1589                          0                             7                             20                            27                            2                             6                             17                            25                            52                            
151                           3859                          15                            20                            33                            68                            9                             18                            34                            61                            129                           
152                           2669                          1                             7                             14                            22                            1                             2                             6                             9                             31                            
153                           481                           0                             0                             0                             0                             1                             0                             1                             2                             2                             
154                           3062                          3                             5                             6                             14                            5                             5                             12                            22                            36                            
155                           696                           0                             0                             0                             0                             3                             2                             0                             5                             5                             
156                           1921                          2                             3                             10                            15                            4                             1                             3                             8                             23                            
157                           1439                          5                             0                             2                             7                             0                             1                             2                             3                             10                            
158                           2470                          0                             6                             4                             10                            0                             2                             4                             6                             16                            
159                           688                           0                             0                             2                             2                             0                             1                             0                             1                             3                             
160                           414                           1                             1                             4                             6                             2                             0                             2                             4                             10                            
161                           2287                          6                             18                            36                            60                            3                             9                             26                            38                            98                            
162                           710                           1                             7                             22                            30                            1                             7                             19                            27                            57                            
163                           4442                          5                             3                             9                             17                            3                             1                             2                             6                             23                            
164                           2511                          1                             25                            29                            55                            2                             10                            25                            37                            92                            
165                           821                           0                             2                             2                             4                             2                             3                             3                             8                             12                            
166                           738                           1                             4                             3                             8                             1                             3                             8                             12                            20                            
167                           619                           0                             8                             9                             17                            2                             1                             5                             8                             25                            
168                           460                           0                             0                             3                             3                             4                             0                             3                             7                             10                            
169                           497                           0                             0                             1                             1                             0                             0                             0                             0                             1                             
170                           1047                          0                             2                             1                             3                             0                             1                             3                             4                             7                             
171                           1405                          1                             2                             7                             10                            0                             1                             6                             7                             17                            
172                           48                            0                             0                             0                             0                             0                             0                             0                             0                             0                             
173                           1996                          3                             0                             2                             5                             5                             2                             3                             10                            15                            
174                           1126                          3                             1                             2                             6                             0                             0                             0                             0                             6                             
175                           1338                          3                             2                             5                             10                            0                             1                             2                             3                             13                            
176                           1956                          1                             5                             4                             10                            5                             3                             3                             11                            21                            
177                           923                           0                             2                             3                             5                             0                             0                             0                             0                             5                             
178                           0                             0                             0                             0                             0                             0                             0                             0                             0                             0                             
179                           689                           4                             1                             0                             5                             0                             0                             1                             1                             6                             
180                           731                           1                             0                             0                             1                             1                             0                             0                             1                             2                             
181                           873                           1                             0                             3                             4                             4                             3                             4                             11                            15                            
182                           1738                          0                             1                             2                             3                             0                             0                             2                             2                             5                             
183                           3681                          13                            6                             5                             24                            8                             2                             5                             15                            39                            
184                           46                            0                             0                             0                             0                             0                             0                             0                             0                             0                             
185                           0                             0                             0                             0                             0                             0                             0                             0                             0                             0                             
186                           214                           0                             0                             1                             1                             0                             0                             0                             0                             1                             
187                           2925                          3                             1                             4                             8                             9                             5                             4                             18                            26                            
188                           2637                          7                             15                            22                            44                            8                             13                            30                            51                            95                            
189                           1254                          0                             2                             1                             3                             2                             0                             4                             6                             9                             
190                           713                           2                             4                             3                             9                             2                             3                             2                             7                             16                            
191                           757                           0                             1                             2                             3                             0                             0                             3                             3                             6                             
192                           655                           2                             1                             3                             6                             0                             1                             1                             2                             8                             
193                           681                           2                             0                             2                             4                             0                             0                             0                             0                             4                             
194                           2293                          3                             5                             2                             10                            4                             3                             4                             11                            21                            
195                           1264                          6                             0                             1                             7                             1                             3                             6                             10                            17                            
196                           948                           3                             1                             7                             11                            1                             5                             0                             6                             17                            
197                           1884                          0                             0                             0                             0                             0                             0                             3                             3                             3                             
198                           685                           0                             2                             0                             2                             0                             1                             0                             1                             3                             
199                           3112                          10                            37                            92                            139                           1                             23                            44                            68                            207                           
200                           2421                          5                             28                            68                            101                           6                             11                            72                            89                            190                           
201                           1314                          1                             13                            15                            29                            0                             8                             11                            19                            48                            
202                           976                           9                             1                             2                             12                            5                             5                             6                             16                            28                            
203                           3667                          0                             9                             6                             15                            1                             8                             8                             17                            32                            
204                           978                           3                             2                             1                             6                             0                             0                             1                             1                             7                             
205                           364                           1                             1                             0                             2                             0                             0                             0                             0                             2                             
206                           1773                          3                             15                            20                            38                            0                             8                             18                            26                            64                            
207                           2793                          3                             21                            70                            94                            1                             27                            56                            84                            178                           
208                           36                            3                             1                             0                             4                             1                             1                             0                             2                             6                             
209                           2303                          0                             1                             4                             5                             1                             3                             2                             6                             11                            
210                           676                           0                             0                             1                             1                             0                             0                             0                             0                             1                             
211                           886                           0                             9                             7                             16                            0                             5                             15                            20                            36                            
212                           2794                          7                             5                             4                             16                            3                             2                             4                             9                             25                            
213                           226                           2                             0                             0                             2                             0                             2                             0                             2                             4                             
214                           2167                          6                             8                             24                            38                            2                             2                             7                             11                            49                            
215                           1478                          0                             2                             3                             5                             0                             0                             2                             2                             7                             
216                           1713                          5                             12                            33                            50                            3                             8                             20                            31                            81                            
217                           234                           0                             0                             0                             0                             0                             0                             0                             0                             0                             
218                           1190                          0                             2                             1                             3                             0                             1                             0                             1                             4                             
219                           1619                          3                             3                             1                             7                             0                             0                             1                             1                             8                             
220                           666                           0                             0                             4                             4                             0                             3                             2                             5                             9                             
221                           2058                          0                             18                            33                            51                            1                             8                             15                            24                            75                            
222                           1979                          2                             3                             3                             8                             0                             0                             2                             2                             10                            
223                           862                           1                             3                             5                             9                             1                             8                             5                             14                            23                            
224                           221                           0                             3                             4                             7                             0                             4                             10                            14                            21                            
225                           352                           1                             1                             2                             4                             2                             0                             0                             2                             6                             
226                           4060                          0                             3                             4                             7                             0                             3                             3                             6                             13                            
227                           3888                          1                             5                             2                             8                             0                             4                             4                             8                             16                            
228                           1855                          2                             1                             4                             7                             1                             2                             1                             4                             11                            
229                           1547                          3                             3                             0                             6                             0                             1                             0                             1                             7                             
230                           1514                          6                             7                             5                             18                            0                             7                             5                             12                            30                            
231                           454                           0                             2                             3                             5                             1                             0                             5                             6                             11                            
232                           1873                          1                             2                             4                             7                             0                             2                             3                             5                             12                            
233                           1                             0                             0                             0                             0                             0                             0                             0                             0                             0                             
234                           2123                          2                             8                             1                             11                            0                             1                             3                             4                             15                            
235                           295                           2                             0                             2                             4                             1                             0                             1                             2                             6                             
236                           547                           0                             3                             1                             4                             0                             2                             1                             3                             7                             
237                           1006                          3                             2                             1                             6                             0                             0                             0                             0                             6                             
238                           199                           0                             0                             1                             1                             0                             0                             0                             0                             1                             
239                           3084                          6                             4                             2                             12                            5                             6                             1                             12                            24                            
240                           1097                          0                             7                             13                            20                            0                             2                             8                             10                            30                            
241                           1075                          0                             2                             0                             2                             1                             0                             0                             1                             3                             
242                           60                            0                             0                             1                             1                             0                             0                             1                             1                             2                             
243                           76                            0                             3                             0                             3                             0                             0                             0                             0                             3                             
244                           874                           2                             1                             4                             7                             2                             0                             1                             3                             10                            
245                           559                           0                             0                             2                             2                             0                             0                             1                             1                             3                             
246                           2                             0                             0                             0                             0                             0                             0                             0                             0                             0                             
247                           208                           0                             3                             2                             5                             0                             0                             0                             0                             5                             
248                           60                            0                             0                             0                             0                             0                             0                             0                             0                             0                             
249                           478                           0                             0                             1                             1                             0                             0                             0                             0                             1                             
250                           2193                          3                             5                             2                             10                            3                             0                             2                             5                             15                            
251                           11                            0                             0                             0                             0                             0                             0                             0                             0                             0                             
252                           9                             0                             0                             0                             0                             0                             0                             0                             0                             0                             
253                           385                           0                             0                             0                             0                             0                             2                             0                             2                             2                             
254                           3099                          2                             0                             3                             5                             1                             1                             3                             5                             10                            
255                           290                           0                             0                             1                             1                             0                             0                             0                             0                             1                             
256                           343                           0                             4                             4                             8                             2                             1                             1                             4                             12                            
257                           556                           1                             2                             0                             3                             1                             0                             2                             3                             6                             
258                           0                             0                             0                             0                             0                             0                             0                             0                             0                             0                             
259                           1182                          0                             2                             0                             2                             0                             0                             1                             1                             3                             
Totals:                       461553                        810                           1622                          2893                          5325                          517                           1152                          2369                          4038                          9363                          

                                                                                                                                      Attorney General
                                                            Nathan Johnson                                                                                                          Joe Jaworski                                                                                                            
Precinct                      Registered Voters             Absentee                      Election                      Early                         Choice Total                  Absentee                      Election                      Early                         Choice Total                  Total                         
001                           1039                          0                             1                             0                             1                             0                             2                             2                             4                             5                             
002                           2309                          9                             3                             7                             19                            2                             3                             3                             8                             27                            
003                           1210                          1                             3                             0                             4                             3                             5                             1                             9                             13                            
004                           3210                          7                             10                            17                            34                            4                             15                            25                            44                            78                            
005                           2062                          2                             5                             2                             9                             0                             2                             1                             3                             12                            
006                           3128                          7                             8                             34                            49                            3                             16                            26                            45                            94                            
007                           3349                          7                             29                            65                            101                           6                             12                            52                            70                            171                           
008                           2046                          2                             22                            35                            59                            0                             13                            39                            52                            111                           
009                           3229                          6                             19                            26                            51                            1                             7                             19                            27                            78                            
010                           2395                          15                            9                             12                            36                            13                            2                             8                             23                            59                            
011                           2026                          3                             3                             1                             7                             6                             5                             10                            21                            28                            
012                           3491                          8                             7                             8                             23                            0                             11                            8                             19                            42                            
013                           4337                          16                            36                            87                            139                           6                             29                            49                            84                            223                           
014                           1160                          1                             5                             5                             11                            7                             9                             20                            36                            47                            
015                           854                           2                             0                             2                             4                             3                             0                             3                             6                             10                            
016                           2281                          3                             8                             3                             14                            3                             7                             4                             14                            28                            
017                           1229                          0                             0                             0                             0                             0                             0                             1                             1                             1                             
018                           1988                          2                             16                            32                            50                            2                             6                             20                            28                            78                            
019                           187                           1                             1                             2                             4                             0                             1                             0                             1                             5                             
020                           2783                          2                             5                             4                             11                            0                             4                             2                             6                             17                            
021                           588                           5                             0                             1                             6                             0                             1                             0                             1                             7                             
022                           807                           3                             1                             1                             5                             1                             1                             2                             4                             9                             
023                           2277                          5                             8                             4                             17                            3                             4                             0                             7                             24                            
024                           283                           0                             0                             0                             0                             0                             0                             0                             0                             0                             
025                           2837                          3                             5                             11                            19                            9                             12                            13                            34                            53                            
026                           1006                          1                             8                             14                            23                            2                             6                             6                             14                            37                            
027                           987                           3                             5                             5                             13                            2                             7                             5                             14                            27                            
028                           3532                          1                             6                             6                             13                            0                             2                             6                             8                             21                            
029                           2004                          2                             5                             1                             8                             0                             6                             2                             8                             16                            
030                           2386                          0                             7                             6                             13                            1                             7                             2                             10                            23                            
031                           2792                          1                             4                             4                             9                             3                             11                            1                             15                            24                            
032                           2372                          5                             4                             12                            21                            4                             4                             7                             15                            36                            
033                           1566                          1                             2                             0                             3                             2                             4                             0                             6                             9                             
034                           946                           1                             12                            18                            31                            4                             9                             11                            24                            55                            
035                           3358                          12                            10                            7                             29                            5                             17                            9                             31                            60                            
036                           3301                          12                            3                             21                            36                            10                            14                            12                            36                            72                            
037                           1010                          0                             19                            11                            30                            3                             8                             23                            34                            64                            
038                           3732                          7                             36                            64                            107                           1                             29                            39                            69                            176                           
039                           2410                          3                             6                             4                             13                            6                             3                             5                             14                            27                            
040                           3280                          1                             4                             2                             7                             0                             1                             1                             2                             9                             
041                           2884                          2                             3                             3                             8                             0                             2                             4                             6                             14                            
042                           3656                          7                             3                             2                             12                            0                             2                             6                             8                             20                            
043                           2434                          1                             2                             5                             8                             1                             3                             3                             7                             15                            
044                           2866                          0                             2                             3                             5                             2                             2                             0                             4                             9                             
045                           1505                          5                             1                             2                             8                             5                             5                             6                             16                            24                            
046                           519                           1                             0                             4                             5                             1                             0                             2                             3                             8                             
047                           1790                          9                             6                             17                            32                            7                             4                             5                             16                            48                            
048                           3680                          4                             15                            13                            32                            2                             4                             6                             12                            44                            
049                           2811                          15                            17                            42                            74                            1                             5                             44                            50                            124                           
050                           2685                          4                             6                             9                             19                            0                             1                             5                             6                             25                            
051                           3545                          6                             1                             5                             12                            3                             2                             2                             7                             19                            
052                           3726                          5                             13                            15                            33                            2                             7                             11                            20                            53                            
053                           3424                          6                             5                             12                            23                            2                             4                             14                            20                            43                            
054                           2356                          3                             22                            49                            74                            5                             19                            33                            57                            131                           
055                           2549                          7                             2                             1                             10                            4                             2                             1                             7                             17                            
056                           2623                          17                            11                            4                             32                            7                             9                             7                             23                            55                            
057                           1012                          2                             3                             3                             8                             0                             2                             2                             4                             12                            
058                           4288                          1                             11                            5                             17                            3                             6                             12                            21                            38                            
059                           2650                          1                             3                             2                             6                             1                             6                             2                             9                             15                            
060                           3964                          1                             15                            22                            38                            1                             8                             18                            27                            65                            
061                           2816                          3                             1                             2                             6                             1                             1                             5                             7                             13                            
062                           2608                          8                             25                            70                            103                           5                             22                            61                            88                            191                           
063                           837                           1                             1                             2                             4                             3                             2                             4                             9                             13                            
064                           3817                          2                             2                             1                             5                             3                             4                             0                             7                             12                            
065                           2247                          2                             16                            40                            58                            2                             14                            34                            50                            108                           
066                           1276                          2                             6                             31                            39                            2                             10                            28                            40                            79                            
067                           2796                          5                             48                            82                            135                           8                             30                            80                            118                           253                           
068                           4564                          4                             5                             4                             13                            3                             5                             9                             17                            30                            
069                           4208                          4                             1                             5                             10                            3                             1                             7                             11                            21                            
070                           2475                          4                             1                             5                             10                            1                             4                             4                             9                             19                            
071                           2117                          6                             1                             4                             11                            2                             4                             7                             13                            24                            
072                           1318                          6                             3                             35                            44                            2                             8                             27                            37                            81                            
073                           2856                          4                             26                            104                           134                           5                             28                            70                            103                           237                           
074                           1557                          6                             9                             18                            33                            0                             5                             13                            18                            51                            
075                           2542                          1                             4                             3                             8                             2                             5                             0                             7                             15                            
077                           1955                          5                             3                             5                             13                            1                             3                             8                             12                            25                            
078                           2315                          2                             0                             5                             7                             1                             1                             3                             5                             12                            
079                           1790                          1                             1                             0                             2                             2                             4                             1                             7                             9                             
080                           0                             0                             0                             0                             0                             0                             0                             0                             0                             0                             
081                           2504                          6                             28                            67                            101                           7                             19                            65                            91                            192                           
082                           230                           0                             2                             3                             5                             0                             2                             3                             5                             10                            
083                           4319                          3                             52                            78                            133                           4                             26                            61                            91                            224                           
084                           1336                          4                             10                            17                            31                            0                             3                             10                            13                            44                            
085                           4072                          14                            14                            11                            39                            9                             10                            4                             23                            62                            
086                           698                           0                             2                             6                             8                             1                             2                             3                             6                             14                            
087                           2215                          4                             0                             0                             4                             0                             1                             1                             2                             6                             
088                           3230                          26                            1                             10                            37                            3                             3                             8                             14                            51                            
089                           631                           0                             5                             1                             6                             0                             0                             1                             1                             7                             
090                           4123                          14                            2                             5                             21                            6                             8                             11                            25                            46                            
091                           1145                          0                             1                             1                             2                             0                             1                             2                             3                             5                             
092                           610                           0                             1                             0                             1                             0                             0                             1                             1                             2                             
093                           281                           1                             0                             1                             2                             0                             1                             0                             1                             3                             
094                           2887                          3                             5                             5                             13                            6                             1                             4                             11                            24                            
095                           4454                          3                             9                             15                            27                            1                             2                             9                             12                            39                            
096                           2891                          10                            36                            79                            125                           7                             20                            75                            102                           227                           
097                           2749                          9                             11                            31                            51                            5                             12                            28                            45                            96                            
098                           3971                          8                             9                             13                            30                            9                             6                             13                            28                            58                            
099                           4322                          7                             1                             7                             15                            3                             2                             2                             7                             22                            
100                           3018                          6                             3                             8                             17                            2                             4                             8                             14                            31                            
101                           833                           0                             2                             4                             6                             0                             7                             1                             8                             14                            
102                           1127                          7                             5                             7                             19                            7                             6                             6                             19                            38                            
103                           3047                          8                             38                            48                            94                            13                            26                            56                            95                            189                           
104                           3933                          3                             2                             5                             10                            1                             3                             8                             12                            22                            
105                           3774                          11                            17                            53                            81                            4                             16                            40                            60                            141                           
106                           2758                          1                             12                            12                            25                            4                             10                            16                            30                            55                            
107                           2329                          9                             11                            31                            51                            3                             21                            26                            50                            101                           
108                           2400                          8                             6                             17                            31                            3                             4                             12                            19                            50                            
109                           3578                          3                             5                             15                            23                            2                             6                             27                            35                            58                            
110                           1579                          5                             0                             0                             5                             1                             4                             2                             7                             12                            
111                           2299                          7                             2                             7                             16                            3                             5                             6                             14                            30                            
112                           1741                          6                             0                             2                             8                             3                             1                             4                             8                             16                            
113                           2946                          4                             2                             6                             12                            3                             1                             5                             9                             21                            
114                           4127                          24                            10                            10                            44                            9                             8                             9                             26                            70                            
115                           2916                          6                             5                             12                            23                            8                             2                             5                             15                            38                            
116                           2933                          3                             14                            20                            37                            6                             8                             15                            29                            66                            
117                           3516                          7                             2                             4                             13                            4                             6                             2                             12                            25                            
118                           2722                          4                             1                             13                            18                            3                             3                             7                             13                            31                            
119                           1430                          1                             5                             10                            16                            0                             1                             8                             9                             25                            
120                           2394                          6                             2                             3                             11                            4                             11                            4                             19                            30                            
121                           364                           0                             1                             1                             2                             0                             2                             0                             2                             4                             
122                           2876                          1                             1                             3                             5                             0                             3                             5                             8                             13                            
123                           912                           0                             3                             3                             6                             0                             2                             2                             4                             10                            
124                           1354                          4                             15                            38                            57                            2                             11                            35                            48                            105                           
125                           1425                          1                             5                             4                             10                            2                             4                             4                             10                            20                            
126                           1863                          2                             4                             5                             11                            0                             6                             8                             14                            25                            
127                           1021                          0                             2                             2                             4                             0                             1                             6                             7                             11                            
128                           2664                          6                             3                             4                             13                            0                             3                             3                             6                             19                            
129                           184                           1                             2                             1                             4                             0                             1                             5                             6                             10                            
130                           1532                          1                             5                             1                             7                             0                             2                             4                             6                             13                            
131                           25                            0                             0                             0                             0                             0                             0                             0                             0                             0                             
132                           1022                          4                             3                             2                             9                             0                             0                             1                             1                             10                            
133                           168                           0                             0                             0                             0                             0                             0                             0                             0                             0                             
134                           1994                          12                            27                            74                            113                           6                             22                            45                            73                            186                           
135                           1864                          6                             22                            26                            54                            1                             20                            27                            48                            102                           
136                           1567                          7                             11                            45                            63                            7                             12                            37                            56                            119                           
137                           64                            0                             0                             0                             0                             0                             0                             0                             0                             0                             
138                           493                           2                             1                             4                             7                             1                             0                             2                             3                             10                            
139                           469                           0                             4                             8                             12                            0                             3                             4                             7                             19                            
140                           14                            0                             2                             0                             2                             0                             0                             0                             0                             2                             
141                           433                           0                             1                             2                             3                             0                             0                             3                             3                             6                             
142                           2521                          5                             4                             9                             18                            0                             4                             4                             8                             26                            
143                           3925                          3                             6                             10                            19                            7                             4                             4                             15                            34                            
144                           56                            0                             1                             0                             1                             0                             0                             0                             0                             1                             
145                           1130                          4                             0                             0                             4                             1                             0                             0                             1                             5                             
146                           3517                          4                             3                             11                            18                            1                             2                             6                             9                             27                            
147                           219                           0                             0                             0                             0                             1                             0                             0                             1                             1                             
148                           120                           0                             0                             1                             1                             0                             1                             1                             2                             3                             
149                           100                           0                             0                             1                             1                             0                             0                             0                             0                             1                             
150                           1589                          1                             10                            16                            27                            1                             3                             20                            24                            51                            
151                           3859                          10                            10                            32                            52                            13                            28                            35                            76                            128                           
152                           2669                          2                             4                             11                            17                            1                             5                             10                            16                            33                            
153                           481                           0                             0                             0                             0                             1                             0                             1                             2                             2                             
154                           3062                          4                             2                             1                             7                             7                             8                             17                            32                            39                            
155                           696                           1                             0                             0                             1                             2                             2                             0                             4                             5                             
156                           1921                          3                             2                             7                             12                            3                             2                             6                             11                            23                            
157                           1439                          4                             1                             2                             7                             1                             0                             2                             3                             10                            
158                           2470                          0                             5                             6                             11                            0                             3                             2                             5                             16                            
159                           688                           0                             1                             2                             3                             0                             0                             0                             0                             3                             
160                           414                           0                             1                             0                             1                             3                             0                             6                             9                             10                            
161                           2287                          6                             16                            34                            56                            3                             10                            26                            39                            95                            
162                           710                           1                             9                             21                            31                            1                             5                             20                            26                            57                            
163                           4442                          7                             1                             9                             17                            1                             3                             2                             6                             23                            
164                           2511                          1                             22                            25                            48                            2                             13                            26                            41                            89                            
165                           821                           0                             2                             1                             3                             2                             3                             4                             9                             12                            
166                           738                           0                             5                             7                             12                            2                             2                             4                             8                             20                            
167                           619                           2                             4                             6                             12                            1                             4                             8                             13                            25                            
168                           460                           2                             0                             4                             6                             2                             0                             2                             4                             10                            
169                           497                           0                             0                             1                             1                             0                             0                             0                             0                             1                             
170                           1047                          0                             2                             3                             5                             0                             1                             1                             2                             7                             
171                           1405                          0                             3                             7                             10                            1                             0                             5                             6                             16                            
172                           48                            0                             0                             0                             0                             0                             0                             0                             0                             0                             
173                           1996                          5                             1                             1                             7                             4                             1                             5                             10                            17                            
174                           1126                          1                             1                             0                             2                             2                             0                             2                             4                             6                             
175                           1338                          2                             3                             3                             8                             1                             0                             4                             5                             13                            
176                           1956                          6                             5                             5                             16                            0                             3                             2                             5                             21                            
177                           923                           0                             0                             0                             0                             0                             2                             3                             5                             5                             
178                           0                             0                             0                             0                             0                             0                             0                             0                             0                             0                             
179                           689                           3                             0                             0                             3                             1                             1                             1                             3                             6                             
180                           731                           2                             0                             0                             2                             0                             0                             0                             0                             2                             
181                           873                           4                             0                             2                             6                             1                             3                             5                             9                             15                            
182                           1738                          0                             1                             3                             4                             0                             0                             1                             1                             5                             
183                           3681                          15                            4                             3                             22                            6                             4                             6                             16                            38                            
184                           46                            0                             0                             0                             0                             0                             0                             0                             0                             0                             
185                           0                             0                             0                             0                             0                             0                             0                             0                             0                             0                             
186                           214                           0                             0                             1                             1                             0                             0                             0                             0                             1                             
187                           2925                          7                             4                             3                             14                            5                             2                             5                             12                            26                            
188                           2637                          10                            15                            28                            53                            5                             13                            24                            42                            95                            
189                           1254                          1                             2                             4                             7                             1                             0                             0                             1                             8                             
190                           713                           4                             5                             2                             11                            0                             2                             3                             5                             16                            
191                           757                           0                             0                             2                             2                             0                             1                             3                             4                             6                             
192                           655                           0                             0                             4                             4                             2                             1                             0                             3                             7                             
193                           681                           0                             0                             1                             1                             2                             0                             0                             2                             3                             
194                           2293                          2                             5                             4                             11                            5                             3                             2                             10                            21                            
195                           1264                          4                             2                             4                             10                            3                             1                             3                             7                             17                            
196                           948                           3                             2                             1                             6                             1                             4                             5                             10                            16                            
197                           1884                          0                             0                             3                             3                             0                             0                             0                             0                             3                             
198                           685                           0                             1                             0                             1                             0                             1                             0                             1                             2                             
199                           3112                          3                             32                            63                            98                            8                             25                            67                            100                           198                           
200                           2421                          5                             17                            79                            101                           5                             22                            56                            83                            184                           
201                           1314                          0                             12                            13                            25                            1                             8                             13                            22                            47                            
202                           976                           8                             1                             2                             11                            4                             4                             4                             12                            23                            
203                           3667                          0                             10                            7                             17                            1                             6                             6                             13                            30                            
204                           978                           1                             1                             3                             5                             2                             1                             0                             3                             8                             
205                           364                           0                             1                             0                             1                             1                             0                             0                             1                             2                             
206                           1773                          4                             12                            21                            37                            1                             10                            17                            28                            65                            
207                           2793                          1                             21                            71                            93                            3                             28                            53                            84                            177                           
208                           36                            1                             2                             0                             3                             3                             0                             0                             3                             6                             
209                           2303                          0                             3                             2                             5                             1                             2                             4                             7                             12                            
210                           676                           0                             0                             0                             0                             0                             0                             1                             1                             1                             
211                           886                           0                             13                            10                            23                            0                             1                             10                            11                            34                            
212                           2794                          5                             5                             7                             17                            5                             2                             1                             8                             25                            
213                           226                           1                             2                             0                             3                             1                             0                             0                             1                             4                             
214                           2167                          3                             9                             19                            31                            5                             1                             11                            17                            48                            
215                           1478                          1                             2                             3                             6                             0                             0                             2                             2                             8                             
216                           1713                          4                             13                            26                            43                            4                             7                             26                            37                            80                            
217                           234                           0                             0                             0                             0                             0                             0                             0                             0                             0                             
218                           1190                          0                             2                             1                             3                             0                             1                             0                             1                             4                             
219                           1619                          1                             0                             1                             2                             2                             3                             1                             6                             8                             
220                           666                           2                             1                             3                             6                             0                             2                             3                             5                             11                            
221                           2058                          1                             11                            29                            41                            1                             15                            19                            35                            76                            
222                           1979                          2                             2                             2                             6                             0                             1                             2                             3                             9                             
223                           862                           2                             6                             4                             12                            0                             5                             5                             10                            22                            
224                           221                           0                             4                             5                             9                             0                             4                             9                             13                            22                            
225                           352                           3                             1                             0                             4                             1                             0                             2                             3                             7                             
226                           4060                          0                             5                             3                             8                             0                             0                             4                             4                             12                            
227                           3888                          1                             6                             1                             8                             0                             3                             5                             8                             16                            
228                           1855                          1                             1                             2                             4                             2                             3                             3                             8                             12                            
229                           1547                          2                             3                             0                             5                             1                             1                             0                             2                             7                             
230                           1514                          3                             9                             5                             17                            3                             5                             5                             13                            30                            
231                           454                           1                             2                             3                             6                             0                             0                             5                             5                             11                            
232                           1873                          0                             2                             0                             2                             1                             2                             7                             10                            12                            
233                           1                             0                             0                             0                             0                             0                             0                             0                             0                             0                             
234                           2123                          0                             5                             2                             7                             2                             3                             2                             7                             14                            
235                           295                           0                             0                             2                             2                             3                             0                             1                             4                             6                             
236                           547                           0                             2                             2                             4                             0                             3                             0                             3                             7                             
237                           1006                          3                             1                             1                             5                             0                             1                             0                             1                             6                             
238                           199                           0                             0                             0                             0                             0                             0                             1                             1                             1                             
239                           3084                          6                             5                             1                             12                            5                             5                             2                             12                            24                            
240                           1097                          0                             6                             10                            16                            0                             2                             11                            13                            29                            
241                           1075                          0                             2                             0                             2                             1                             0                             0                             1                             3                             
242                           60                            0                             0                             2                             2                             0                             0                             0                             0                             2                             
243                           76                            0                             0                             0                             0                             0                             3                             0                             3                             3                             
244                           874                           4                             0                             4                             8                             0                             1                             1                             2                             10                            
245                           559                           0                             0                             2                             2                             0                             0                             1                             1                             3                             
246                           2                             0                             0                             0                             0                             0                             0                             0                             0                             0                             
247                           208                           0                             3                             1                             4                             0                             0                             1                             1                             5                             
248                           60                            0                             0                             0                             0                             0                             0                             0                             0                             0                             
249                           478                           0                             0                             0                             0                             0                             0                             1                             1                             1                             
250                           2193                          5                             3                             3                             11                            1                             2                             1                             4                             15                            
251                           11                            0                             0                             0                             0                             0                             0                             0                             0                             0                             
252                           9                             0                             0                             0                             0                             0                             0                             0                             0                             0                             
253                           385                           0                             2                             0                             2                             0                             0                             0                             0                             2                             
254                           3099                          3                             1                             4                             8                             0                             0                             1                             1                             9                             
255                           290                           0                             0                             1                             1                             0                             0                             0                             0                             1                             
256                           343                           2                             5                             6                             13                            0                             0                             1                             1                             14                            
257                           556                           1                             1                             2                             4                             1                             1                             0                             2                             6                             
258                           0                             0                             0                             0                             0                             0                             0                             0                             0                             0                             
259                           1182                          0                             0                             1                             1                             0                             2                             0                             2                             3                             
Totals:                       461553                        820                           1486                          2758                          5064                          536                           1233                          2391                          4160                          9224                          

                                                                                                                     State Representative, District 41
                                                            Victor 'Seby' Haddad                                                                                                    Julio Salinas                                                                                                           
Precinct                      Registered Voters             Absentee                      Election                      Early                         Choice Total                  Absentee                      Election                      Early                         Choice Total                  Total                         
006                           3128                          7                             14                            31                            52                            3                             14                            37                            54                            106                           
007                           3349                          3                             28                            70                            101                           10                            21                            63                            94                            195                           
008                           2046                          0                             22                            60                            82                            2                             16                            32                            50                            132                           
013                           4337                          15                            25                            58                            98                            8                             48                            87                            143                           241                           
018                           1988                          2                             3                             22                            27                            2                             20                            35                            57                            84                            
026                           1006                          1                             3                             12                            16                            3                             12                            13                            28                            44                            
027                           987                           2                             1                             8                             11                            3                             12                            3                             18                            29                            
034                           946                           2                             6                             15                            23                            3                             17                            16                            36                            59                            
037                           1010                          0                             5                             23                            28                            3                             25                            15                            43                            71                            
038                           3732                          4                             27                            43                            74                            4                             50                            67                            121                           195                           
047                           1790                          3                             2                             10                            15                            13                            9                             12                            34                            49                            
049                           2811                          6                             6                             41                            53                            11                            17                            50                            78                            131                           
054                           2356                          3                             27                            59                            89                            5                             15                            27                            47                            136                           
060                           3964                          0                             3                             9                             12                            2                             21                            32                            55                            67                            
062                           2608                          8                             31                            103                           142                           6                             24                            59                            89                            231                           
065                           2247                          3                             6                             28                            37                            1                             27                            56                            84                            121                           
066                           1276                          2                             10                            27                            39                            2                             11                            37                            50                            89                            
067                           2796                          9                             46                            123                           178                           4                             43                            71                            118                           296                           
072                           1318                          2                             4                             31                            37                            6                             8                             37                            51                            88                            
073                           2856                          9                             25                            101                           135                           0                             38                            89                            127                           262                           
074                           1557                          1                             5                             14                            20                            5                             10                            22                            37                            57                            
080                           0                             0                             0                             1                             1                             0                             0                             0                             0                             1                             
081                           2504                          4                             13                            56                            73                            9                             35                            87                            131                           204                           
083                           4319                          6                             21                            42                            69                            2                             66                            111                           179                           248                           
084                           1336                          0                             1                             14                            15                            4                             12                            18                            34                            49                            
096                           2891                          13                            27                            90                            130                           5                             34                            81                            120                           250                           
097                           2749                          4                             8                             32                            44                            10                            19                            34                            63                            107                           
105                           3774                          4                             12                            37                            53                            12                            26                            63                            101                           154                           
107                           2329                          5                             6                             25                            36                            7                             28                            34                            69                            105                           
116                           2933                          2                             6                             16                            24                            7                             20                            21                            48                            72                            
124                           1354                          2                             11                            38                            51                            4                             16                            46                            66                            117                           
129                           184                           1                             2                             3                             6                             0                             2                             3                             5                             11                            
134                           1994                          7                             36                            81                            124                           11                            29                            53                            93                            217                           
135                           1864                          1                             23                            31                            55                            6                             25                            28                            59                            114                           
136                           1567                          7                             6                             37                            50                            7                             21                            53                            81                            131                           
138                           493                           3                             1                             2                             6                             0                             1                             4                             5                             11                            
139                           469                           0                             0                             8                             8                             0                             7                             8                             15                            23                            
140                           14                            0                             0                             0                             0                             0                             2                             0                             2                             2                             
141                           433                           0                             0                             1                             1                             0                             1                             5                             6                             7                             
144                           56                            0                             0                             0                             0                             0                             1                             0                             1                             1                             
148                           120                           0                             0                             2                             2                             0                             1                             0                             1                             3                             
150                           1589                          2                             5                             17                            24                            0                             10                            22                            32                            56                            
160                           414                           0                             1                             5                             6                             3                             0                             1                             4                             10                            
161                           2287                          6                             12                            24                            42                            3                             15                            44                            62                            104                           
162                           710                           1                             13                            26                            40                            1                             7                             21                            29                            69                            
164                           2511                          0                             12                            26                            38                            3                             24                            34                            61                            99                            
166                           738                           0                             5                             3                             8                             2                             3                             8                             13                            21                            
167                           619                           0                             5                             13                            18                            3                             4                             5                             12                            30                            
188                           2637                          3                             11                            21                            35                            12                            20                            34                            66                            101                           
199                           3112                          5                             25                            72                            102                           6                             39                            81                            126                           228                           
200                           2421                          6                             18                            53                            77                            5                             24                            96                            125                           202                           
201                           1314                          0                             12                            16                            28                            1                             11                            17                            29                            57                            
206                           1773                          0                             8                             13                            21                            5                             16                            27                            48                            69                            
207                           2793                          2                             20                            64                            86                            2                             31                            71                            104                           190                           
208                           36                            2                             0                             0                             2                             2                             2                             0                             4                             6                             
211                           886                           0                             8                             10                            18                            0                             7                             12                            19                            37                            
216                           1713                          4                             7                             20                            31                            4                             14                            34                            52                            83                            
221                           2058                          2                             17                            23                            42                            0                             13                            27                            40                            82                            
223                           862                           1                             8                             5                             14                            1                             5                             5                             11                            25                            
224                           221                           0                             7                             10                            17                            0                             3                             4                             7                             24                            
231                           454                           1                             1                             5                             7                             0                             1                             3                             4                             11                            
240                           1097                          0                             2                             14                            16                            0                             7                             8                             15                            31                            
246                           2                             0                             0                             0                             0                             0                             0                             0                             0                             0                             
252                           9                             0                             0                             0                             0                             0                             0                             0                             0                             0                             
256                           343                           0                             2                             4                             6                             2                             4                             3                             9                             15                            
258                           0                             0                             0                             0                             0                             0                             0                             0                             0                             0                             
Totals:                       110090                        176                           671                           1848                          2695                          235                           1064                          2066                          3365                          6060                          

                                                                                                                                    Precinct Chair 103
                                                            Alma Garcia                                                                                                             Delia De León Gil                                                                                                       
Precinct                      Registered Voters             Absentee                      Election                      Early                         Choice Total                  Absentee                      Election                      Early                         Choice Total                  Total                         
103                           3047                          15                            24                            64                            103                           8                             50                            53                            111                           214                           
Totals:                       3047                          15                            24                            64                            103                           8                             50                            53                            111                           214                           

                                                                                                                                    Precinct Chair 164
                                                            Eduardo Luna II                                                                                                         Catalina Peña                                                                                                           
Precinct                      Registered Voters             Absentee                      Election                      Early                         Choice Total                  Absentee                      Election                      Early                         Choice Total                  Total                         
164                           2511                          1                             17                            32                            50                            2                             18                            22                            42                            92                            
Totals:                       2511                          1                             17                            32                            50                            2                             18                            22                            42                            92                            

                                                                                                                                    Precinct Chair 214
                                                            Fernando Castillo                                                                                                       Mitzi Zambrano                                                                                                          
Precinct                      Registered Voters             Absentee                      Election                      Early                         Choice Total                  Absentee                      Election                      Early                         Choice Total                  Total                         
214                           2167                          2                             6                             25                            33                            6                             4                             6                             16                            49                            
Totals:                       2167                          2                             6                             25                            33                            6                             4                             6                             16                            49                            

                                                                                                                                          U.S. Senator
                                                            John Cornyn                                                                                                             Ken Paxton                                                                                                              
Precinct                      Registered Voters             Absentee                      Election                      Early                         Choice Total                  Absentee                      Election                      Early                         Choice Total                  Total                         
001                           1039                          0                             1                             2                             3                             0                             0                             6                             6                             9                             
002                           2309                          2                             2                             20                            24                            1                             4                             12                            17                            41                            
003                           1210                          0                             2                             1                             3                             0                             2                             1                             3                             6                             
004                           3210                          0                             7                             13                            20                            0                             11                            22                            33                            53                            
005                           2062                          0                             0                             0                             0                             0                             2                             2                             4                             4                             
006                           3128                          1                             9                             13                            23                            3                             17                            46                            66                            89                            
007                           3349                          3                             19                            42                            64                            7                             27                            90                            124                           188                           
008                           2046                          2                             13                            33                            48                            0                             15                            43                            58                            106                           
009                           3229                          1                             7                             20                            28                            3                             18                            39                            60                            88                            
010                           2395                          2                             1                             2                             5                             0                             12                            11                            23                            28                            
011                           2026                          1                             0                             1                             2                             0                             0                             1                             1                             3                             
012                           3491                          1                             0                             2                             3                             0                             15                            14                            29                            32                            
013                           4337                          0                             5                             20                            25                            1                             24                            57                            82                            107                           
014                           1160                          1                             3                             3                             7                             0                             10                            10                            20                            27                            
015                           854                           1                             0                             3                             4                             1                             2                             9                             12                            16                            
016                           2281                          0                             1                             1                             2                             0                             5                             1                             6                             8                             
017                           1229                          0                             1                             2                             3                             1                             4                             0                             5                             8                             
018                           1988                          3                             1                             13                            17                            0                             12                            30                            42                            59                            
019                           187                           0                             1                             1                             2                             0                             4                             6                             10                            12                            
020                           2783                          0                             0                             0                             0                             0                             5                             4                             9                             9                             
021                           588                           1                             0                             1                             2                             0                             1                             4                             5                             7                             
022                           807                           0                             3                             0                             3                             0                             0                             3                             3                             6                             
023                           2277                          4                             6                             7                             17                            1                             12                            17                            30                            47                            
024                           283                           1                             4                             1                             6                             0                             5                             8                             13                            19                            
025                           2837                          1                             6                             11                            18                            7                             16                            35                            58                            76                            
026                           1006                          0                             3                             4                             7                             3                             5                             4                             12                            19                            
027                           987                           0                             2                             0                             2                             2                             3                             3                             8                             10                            
028                           3532                          3                             3                             10                            16                            1                             11                            8                             20                            36                            
029                           2004                          2                             0                             15                            17                            2                             12                            25                            39                            56                            
030                           2386                          0                             0                             1                             1                             0                             3                             4                             7                             8                             
031                           2792                          1                             1                             9                             11                            6                             10                            28                            44                            55                            
032                           2372                          0                             5                             9                             14                            0                             10                            19                            29                            43                            
033                           1566                          0                             2                             0                             2                             0                             10                            7                             17                            19                            
034                           946                           2                             5                             6                             13                            2                             4                             15                            21                            34                            
035                           3358                          1                             3                             4                             8                             0                             19                            23                            42                            50                            
036                           3301                          2                             2                             8                             12                            0                             16                            25                            41                            53                            
037                           1010                          0                             0                             6                             6                             1                             11                            10                            22                            28                            
038                           3732                          1                             10                            32                            43                            0                             23                            81                            104                           147                           
039                           2410                          0                             2                             2                             4                             0                             8                             10                            18                            22                            
040                           3280                          0                             3                             5                             8                             0                             3                             4                             7                             15                            
041                           2884                          0                             0                             1                             1                             0                             3                             4                             7                             8                             
042                           3656                          0                             10                            9                             19                            0                             11                            34                            45                            64                            
043                           2434                          5                             1                             4                             10                            2                             4                             14                            20                            30                            
044                           2866                          0                             1                             0                             1                             0                             3                             2                             5                             6                             
045                           1505                          5                             3                             12                            20                            1                             14                            27                            42                            62                            
046                           519                           0                             0                             1                             1                             0                             3                             2                             5                             6                             
047                           1790                          0                             2                             4                             6                             0                             5                             10                            15                            21                            
048                           3680                          0                             9                             3                             12                            1                             11                            12                            24                            36                            
049                           2811                          1                             3                             13                            17                            0                             7                             19                            26                            43                            
050                           2685                          0                             4                             3                             7                             1                             7                             8                             16                            23                            
051                           3545                          0                             0                             3                             3                             0                             4                             7                             11                            14                            
052                           3726                          0                             4                             9                             13                            0                             28                            49                            77                            90                            
053                           3424                          2                             5                             4                             11                            0                             12                            21                            33                            44                            
054                           2356                          1                             15                            22                            38                            1                             9                             36                            46                            84                            
055                           2549                          1                             2                             5                             8                             0                             8                             11                            19                            27                            
056                           2623                          2                             2                             4                             8                             0                             7                             5                             12                            20                            
057                           1012                          0                             2                             2                             4                             0                             0                             5                             5                             9                             
058                           4288                          1                             4                             14                            19                            0                             13                            16                            29                            48                            
059                           2650                          0                             0                             4                             4                             0                             6                             4                             10                            14                            
060                           3964                          4                             2                             5                             11                            1                             6                             16                            23                            34                            
061                           2816                          0                             4                             7                             11                            0                             8                             8                             16                            27                            
062                           2608                          4                             29                            50                            83                            0                             27                            75                            102                           185                           
063                           837                           1                             2                             0                             3                             0                             0                             5                             5                             8                             
064                           3817                          0                             0                             1                             1                             0                             2                             4                             6                             7                             
065                           2247                          1                             9                             15                            25                            0                             18                            22                            40                            65                            
066                           1276                          0                             7                             8                             15                            0                             6                             14                            20                            35                            
067                           2796                          0                             14                            44                            58                            3                             28                            70                            101                           159                           
068                           4564                          1                             7                             7                             15                            1                             22                            17                            40                            55                            
069                           4208                          0                             2                             4                             6                             0                             6                             3                             9                             15                            
070                           2475                          0                             2                             1                             3                             0                             6                             5                             11                            14                            
071                           2117                          0                             4                             11                            15                            0                             13                            18                            31                            46                            
072                           1318                          0                             2                             18                            20                            0                             11                            22                            33                            53                            
073                           2856                          4                             32                            53                            89                            1                             24                            84                            109                           198                           
074                           1557                          0                             3                             6                             9                             1                             10                            16                            27                            36                            
075                           2542                          1                             2                             0                             3                             2                             6                             9                             17                            20                            
077                           1955                          0                             4                             6                             10                            3                             8                             9                             20                            30                            
078                           2315                          1                             2                             1                             4                             0                             3                             4                             7                             11                            
079                           1790                          0                             0                             2                             2                             0                             8                             1                             9                             11                            
080                           0                             0                             0                             0                             0                             0                             0                             0                             0                             0                             
081                           2504                          0                             13                            18                            31                            1                             10                            45                            56                            87                            
082                           230                           0                             1                             2                             3                             0                             6                             2                             8                             11                            
083                           4319                          3                             20                            39                            62                            4                             53                            82                            139                           201                           
084                           1336                          0                             2                             5                             7                             2                             10                            8                             20                            27                            
085                           4072                          1                             9                             6                             16                            1                             15                            18                            34                            50                            
086                           698                           3                             4                             2                             9                             0                             10                            10                            20                            29                            
087                           2215                          0                             1                             0                             1                             1                             5                             4                             10                            11                            
088                           3230                          0                             2                             3                             5                             0                             2                             8                             10                            15                            
089                           631                           3                             1                             3                             7                             0                             3                             9                             12                            19                            
090                           4123                          0                             1                             1                             2                             1                             4                             3                             8                             10                            
091                           1145                          2                             3                             1                             6                             0                             2                             11                            13                            19                            
092                           610                           0                             0                             0                             0                             0                             0                             1                             1                             1                             
093                           281                           0                             0                             0                             0                             2                             0                             6                             8                             8                             
094                           2887                          3                             1                             5                             9                             2                             4                             9                             15                            24                            
095                           4454                          0                             3                             6                             9                             0                             7                             13                            20                            29                            
096                           2891                          6                             5                             40                            51                            3                             29                            81                            113                           164                           
097                           2749                          1                             8                             21                            30                            1                             12                            30                            43                            73                            
098                           3971                          0                             1                             7                             8                             1                             5                             12                            18                            26                            
099                           4322                          0                             1                             5                             6                             2                             6                             11                            19                            25                            
100                           3018                          2                             2                             3                             7                             2                             15                            12                            29                            36                            
101                           833                           1                             3                             6                             10                            0                             13                            14                            27                            37                            
102                           1127                          6                             9                             23                            38                            6                             15                            37                            58                            96                            
103                           3047                          2                             16                            33                            51                            1                             38                            49                            88                            139                           
104                           3933                          2                             1                             7                             10                            0                             6                             15                            21                            31                            
105                           3774                          1                             3                             17                            21                            0                             12                            37                            49                            70                            
106                           2758                          2                             11                            11                            24                            1                             8                             31                            40                            64                            
107                           2329                          3                             4                             8                             15                            1                             8                             32                            41                            56                            
108                           2400                          0                             2                             2                             4                             2                             4                             10                            16                            20                            
109                           3578                          0                             3                             3                             6                             0                             8                             13                            21                            27                            
110                           1579                          0                             1                             1                             2                             0                             1                             2                             3                             5                             
111                           2299                          1                             12                            13                            26                            0                             10                            37                            47                            73                            
112                           1741                          0                             0                             8                             8                             0                             2                             2                             4                             12                            
113                           2946                          1                             7                             12                            20                            1                             20                            24                            45                            65                            
114                           4127                          11                            19                            39                            69                            4                             42                            96                            142                           211                           
115                           2916                          0                             0                             7                             7                             0                             12                            20                            32                            39                            
116                           2933                          2                             7                             15                            24                            4                             10                            22                            36                            60                            
117                           3516                          1                             1                             2                             4                             1                             10                            9                             20                            24                            
118                           2722                          0                             1                             5                             6                             0                             8                             16                            24                            30                            
119                           1430                          0                             2                             2                             4                             0                             6                             2                             8                             12                            
120                           2394                          0                             1                             5                             6                             0                             9                             9                             18                            24                            
121                           364                           0                             3                             1                             4                             0                             1                             1                             2                             6                             
122                           2876                          0                             0                             1                             1                             1                             2                             7                             10                            11                            
123                           912                           1                             0                             2                             3                             1                             8                             6                             15                            18                            
124                           1354                          0                             9                             17                            26                            0                             6                             30                            36                            62                            
125                           1425                          0                             1                             7                             8                             0                             0                             10                            10                            18                            
126                           1863                          4                             0                             10                            14                            0                             10                            17                            27                            41                            
127                           1021                          1                             0                             0                             1                             0                             3                             3                             6                             7                             
128                           2664                          2                             0                             4                             6                             1                             1                             3                             5                             11                            
129                           184                           0                             0                             0                             0                             0                             2                             6                             8                             8                             
130                           1532                          0                             0                             1                             1                             4                             4                             17                            25                            26                            
131                           25                            0                             0                             0                             0                             0                             0                             0                             0                             0                             
132                           1022                          2                             0                             3                             5                             2                             4                             4                             10                            15                            
133                           168                           0                             0                             0                             0                             0                             0                             0                             0                             0                             
134                           1994                          0                             12                            27                            39                            1                             30                            45                            76                            115                           
135                           1864                          7                             6                             14                            27                            0                             12                            29                            41                            68                            
136                           1567                          0                             2                             22                            24                            3                             21                            38                            62                            86                            
137                           64                            0                             3                             0                             3                             0                             5                             0                             5                             8                             
138                           493                           0                             0                             0                             0                             0                             1                             0                             1                             1                             
139                           469                           0                             0                             4                             4                             0                             1                             4                             5                             9                             
140                           14                            0                             0                             0                             0                             0                             0                             0                             0                             0                             
141                           433                           0                             0                             1                             1                             0                             0                             2                             2                             3                             
142                           2521                          0                             5                             1                             6                             0                             7                             9                             16                            22                            
143                           3925                          2                             7                             10                            19                            1                             19                            22                            42                            61                            
144                           56                            0                             0                             0                             0                             0                             0                             0                             0                             0                             
145                           1130                          0                             1                             0                             1                             0                             3                             9                             12                            13                            
146                           3517                          0                             1                             3                             4                             1                             2                             4                             7                             11                            
147                           219                           0                             0                             0                             0                             0                             3                             1                             4                             4                             
148                           120                           0                             0                             0                             0                             0                             0                             0                             0                             0                             
149                           100                           0                             0                             0                             0                             0                             0                             0                             0                             0                             
150                           1589                          0                             1                             10                            11                            1                             4                             15                            20                            31                            
151                           3859                          1                             12                            24                            37                            4                             31                            57                            92                            129                           
152                           2669                          2                             2                             12                            16                            4                             27                            31                            62                            78                            
153                           481                           0                             0                             1                             1                             0                             0                             1                             1                             2                             
154                           3062                          1                             6                             6                             13                            1                             10                            11                            22                            35                            
155                           696                           0                             0                             2                             2                             0                             3                             10                            13                            15                            
156                           1921                          2                             0                             0                             2                             1                             5                             8                             14                            16                            
157                           1439                          0                             0                             1                             1                             0                             3                             3                             6                             7                             
158                           2470                          3                             3                             1                             7                             0                             11                            13                            24                            31                            
159                           688                           0                             2                             0                             2                             0                             1                             1                             2                             4                             
160                           414                           7                             0                             3                             10                            0                             4                             6                             10                            20                            
161                           2287                          2                             2                             16                            20                            2                             10                            27                            39                            59                            
162                           710                           3                             6                             17                            26                            0                             11                            24                            35                            61                            
163                           4442                          0                             2                             3                             5                             0                             7                             10                            17                            22                            
164                           2511                          2                             9                             20                            31                            2                             18                            28                            48                            79                            
165                           821                           1                             6                             6                             13                            0                             8                             27                            35                            48                            
166                           738                           0                             3                             3                             6                             0                             1                             14                            15                            21                            
167                           619                           0                             1                             7                             8                             0                             6                             27                            33                            41                            
168                           460                           0                             1                             2                             3                             0                             3                             4                             7                             10                            
169                           497                           0                             0                             0                             0                             0                             1                             1                             2                             2                             
170                           1047                          0                             0                             1                             1                             0                             1                             0                             1                             2                             
171                           1405                          1                             8                             17                            26                            0                             5                             18                            23                            49                            
172                           48                            0                             0                             0                             0                             1                             0                             0                             1                             1                             
173                           1996                          0                             1                             4                             5                             1                             19                            16                            36                            41                            
174                           1126                          2                             1                             0                             3                             0                             4                             2                             6                             9                             
175                           1338                          0                             2                             1                             3                             0                             4                             6                             10                            13                            
176                           1956                          0                             0                             1                             1                             0                             13                            3                             16                            17                            
177                           923                           0                             0                             2                             2                             0                             0                             3                             3                             5                             
178                           0                             0                             0                             0                             0                             0                             0                             0                             0                             0                             
179                           689                           0                             1                             1                             2                             0                             0                             2                             2                             4                             
180                           731                           0                             0                             3                             3                             0                             2                             0                             2                             5                             
181                           873                           6                             9                             15                            30                            5                             23                            49                            77                            107                           
182                           1738                          1                             0                             0                             1                             0                             2                             2                             4                             5                             
183                           3681                          0                             3                             5                             8                             0                             5                             12                            17                            25                            
184                           46                            0                             0                             0                             0                             0                             2                             2                             4                             4                             
185                           0                             0                             0                             0                             0                             0                             0                             0                             0                             0                             
186                           214                           0                             0                             2                             2                             0                             0                             2                             2                             4                             
187                           2925                          9                             7                             3                             19                            6                             11                            8                             25                            44                            
188                           2637                          8                             7                             22                            37                            1                             12                            45                            58                            95                            
189                           1254                          0                             0                             0                             0                             0                             0                             1                             1                             1                             
190                           713                           2                             1                             2                             5                             0                             0                             11                            11                            16                            
191                           757                           0                             2                             1                             3                             0                             6                             4                             10                            13                            
192                           655                           0                             0                             0                             0                             0                             2                             3                             5                             5                             
193                           681                           0                             2                             2                             4                             1                             3                             1                             5                             9                             
194                           2293                          2                             1                             14                            17                            7                             13                            20                            40                            57                            
195                           1264                          7                             4                             13                            24                            9                             21                            30                            60                            84                            
196                           948                           1                             2                             6                             9                             0                             8                             24                            32                            41                            
197                           1884                          0                             1                             0                             1                             0                             1                             1                             2                             3                             
198                           685                           0                             0                             0                             0                             0                             1                             0                             1                             1                             
199                           3112                          2                             14                            38                            54                            0                             17                            51                            68                            122                           
200                           2421                          3                             7                             24                            34                            0                             30                            57                            87                            121                           
201                           1314                          0                             5                             7                             12                            0                             15                            23                            38                            50                            
202                           976                           2                             4                             13                            19                            0                             11                            20                            31                            50                            
203                           3667                          0                             4                             15                            19                            0                             23                            22                            45                            64                            
204                           978                           0                             0                             3                             3                             1                             3                             9                             13                            16                            
205                           364                           0                             0                             0                             0                             1                             0                             2                             3                             3                             
206                           1773                          0                             2                             4                             6                             0                             9                             16                            25                            31                            
207                           2793                          0                             10                            28                            38                            0                             27                            63                            90                            128                           
208                           36                            0                             0                             0                             0                             0                             0                             0                             0                             0                             
209                           2303                          0                             1                             1                             2                             0                             2                             4                             6                             8                             
210                           676                           1                             0                             1                             2                             0                             0                             0                             0                             2                             
211                           886                           0                             2                             6                             8                             3                             6                             14                            23                            31                            
212                           2794                          0                             3                             6                             9                             0                             11                            10                            21                            30                            
213                           226                           0                             1                             0                             1                             0                             3                             1                             4                             5                             
214                           2167                          0                             5                             1                             6                             0                             8                             7                             15                            21                            
215                           1478                          1                             9                             2                             12                            0                             6                             9                             15                            27                            
216                           1713                          3                             1                             9                             13                            0                             10                            13                            23                            36                            
217                           234                           0                             0                             0                             0                             0                             0                             1                             1                             1                             
218                           1190                          0                             0                             4                             4                             2                             1                             3                             6                             10                            
219                           1619                          0                             2                             0                             2                             0                             4                             8                             12                            14                            
220                           666                           0                             0                             0                             0                             0                             1                             1                             2                             2                             
221                           2058                          2                             11                            10                            23                            0                             12                            17                            29                            52                            
222                           1979                          0                             3                             2                             5                             0                             3                             20                            23                            28                            
223                           862                           0                             1                             4                             5                             0                             3                             14                            17                            22                            
224                           221                           0                             3                             4                             7                             0                             0                             4                             4                             11                            
225                           352                           0                             0                             0                             0                             0                             0                             0                             0                             0                             
226                           4060                          0                             1                             4                             5                             0                             5                             4                             9                             14                            
227                           3888                          0                             1                             2                             3                             0                             8                             1                             9                             12                            
228                           1855                          1                             0                             0                             1                             0                             0                             2                             2                             3                             
229                           1547                          1                             1                             0                             2                             0                             3                             1                             4                             6                             
230                           1514                          0                             1                             9                             10                            0                             8                             22                            30                            40                            
231                           454                           1                             0                             2                             3                             0                             0                             1                             1                             4                             
232                           1873                          2                             2                             0                             4                             0                             5                             9                             14                            18                            
233                           1                             0                             0                             0                             0                             0                             0                             0                             0                             0                             
234                           2123                          0                             1                             3                             4                             0                             3                             5                             8                             12                            
235                           295                           0                             2                             1                             3                             0                             6                             5                             11                            14                            
236                           547                           0                             1                             5                             6                             0                             3                             5                             8                             14                            
237                           1006                          0                             1                             0                             1                             0                             1                             4                             5                             6                             
238                           199                           0                             0                             0                             0                             0                             0                             6                             6                             6                             
239                           3084                          4                             6                             2                             12                            3                             12                            32                            47                            59                            
240                           1097                          0                             2                             3                             5                             0                             4                             13                            17                            22                            
241                           1075                          0                             0                             0                             0                             0                             0                             0                             0                             0                             
242                           60                            0                             0                             0                             0                             0                             0                             0                             0                             0                             
243                           76                            0                             0                             0                             0                             0                             0                             3                             3                             3                             
244                           874                           0                             1                             3                             4                             1                             9                             10                            20                            24                            
245                           559                           0                             0                             0                             0                             0                             0                             2                             2                             2                             
246                           2                             0                             0                             0                             0                             0                             0                             0                             0                             0                             
247                           208                           0                             0                             0                             0                             0                             0                             5                             5                             5                             
248                           60                            0                             0                             0                             0                             0                             0                             0                             0                             0                             
249                           478                           0                             2                             1                             3                             0                             2                             4                             6                             9                             
250                           2193                          0                             0                             0                             0                             0                             6                             2                             8                             8                             
251                           11                            0                             0                             0                             0                             0                             0                             0                             0                             0                             
252                           9                             0                             0                             1                             1                             0                             0                             0                             0                             1                             
253                           385                           0                             0                             0                             0                             1                             2                             3                             6                             6                             
254                           3099                          1                             0                             1                             2                             0                             2                             5                             7                             9                             
255                           290                           0                             3                             0                             3                             0                             0                             7                             7                             10                            
256                           343                           0                             3                             3                             6                             0                             4                             10                            14                            20                            
257                           556                           0                             1                             0                             1                             1                             1                             1                             3                             4                             
258                           0                             0                             0                             0                             0                             0                             0                             0                             0                             0                             
259                           1182                          0                             0                             0                             0                             0                             2                             4                             6                             6                             
Totals:                       461553                        235                           783                           1664                          2682                          178                           1936                          3682                          5796                          8478                          

                                                                                                                                      Attorney General
                                                            Chip Roy                                                                                                                Mayes Middleton                                                                                                         
Precinct                      Registered Voters             Absentee                      Election                      Early                         Choice Total                  Absentee                      Election                      Early                         Choice Total                  Total                         
001                           1039                          0                             0                             7                             7                             0                             1                             1                             2                             9                             
002                           2309                          0                             1                             17                            18                            3                             5                             15                            23                            41                            
003                           1210                          0                             1                             0                             1                             0                             3                             2                             5                             6                             
004                           3210                          0                             6                             8                             14                            0                             12                            24                            36                            50                            
005                           2062                          0                             1                             0                             1                             0                             1                             2                             3                             4                             
006                           3128                          1                             9                             15                            25                            3                             17                            44                            64                            89                            
007                           3349                          4                             22                            54                            80                            6                             21                            76                            103                           183                           
008                           2046                          1                             20                            31                            52                            1                             7                             43                            51                            103                           
009                           3229                          0                             6                             12                            18                            4                             19                            47                            70                            88                            
010                           2395                          0                             7                             4                             11                            2                             5                             9                             16                            27                            
011                           2026                          1                             0                             2                             3                             0                             0                             0                             0                             3                             
012                           3491                          0                             4                             7                             11                            1                             11                            9                             21                            32                            
013                           4337                          0                             19                            29                            48                            1                             10                            48                            59                            107                           
014                           1160                          0                             4                             2                             6                             1                             9                             10                            20                            26                            
015                           854                           0                             1                             4                             5                             2                             1                             8                             11                            16                            
016                           2281                          0                             3                             1                             4                             0                             3                             1                             4                             8                             
017                           1229                          0                             2                             2                             4                             1                             3                             0                             4                             8                             
018                           1988                          3                             6                             12                            21                            0                             5                             31                            36                            57                            
019                           187                           0                             3                             4                             7                             0                             2                             3                             5                             12                            
020                           2783                          0                             2                             4                             6                             0                             3                             0                             3                             9                             
021                           588                           0                             1                             2                             3                             1                             0                             3                             4                             7                             
022                           807                           0                             2                             1                             3                             0                             1                             2                             3                             6                             
023                           2277                          1                             8                             8                             17                            4                             9                             16                            29                            46                            
024                           283                           1                             5                             7                             13                            0                             4                             2                             6                             19                            
025                           2837                          7                             7                             21                            35                            1                             15                            23                            39                            74                            
026                           1006                          0                             4                             5                             9                             3                             4                             3                             10                            19                            
027                           987                           1                             1                             2                             4                             1                             4                             1                             6                             10                            
028                           3532                          3                             8                             5                             16                            2                             5                             13                            20                            36                            
029                           2004                          2                             5                             17                            24                            2                             7                             23                            32                            56                            
030                           2386                          0                             1                             1                             2                             0                             2                             4                             6                             8                             
031                           2792                          1                             3                             12                            16                            6                             8                             25                            39                            55                            
032                           2372                          0                             8                             9                             17                            0                             6                             19                            25                            42                            
033                           1566                          0                             6                             4                             10                            0                             6                             3                             9                             19                            
034                           946                           2                             3                             7                             12                            2                             6                             14                            22                            34                            
035                           3358                          0                             7                             10                            17                            1                             15                            17                            33                            50                            
036                           3301                          0                             7                             12                            19                            2                             11                            21                            34                            53                            
037                           1010                          1                             6                             7                             14                            0                             5                             8                             13                            27                            
038                           3732                          1                             18                            42                            61                            0                             15                            68                            83                            144                           
039                           2410                          0                             4                             3                             7                             0                             5                             8                             13                            20                            
040                           3280                          0                             1                             4                             5                             0                             5                             5                             10                            15                            
041                           2884                          0                             2                             0                             2                             0                             1                             5                             6                             8                             
042                           3656                          0                             9                             19                            28                            0                             12                            24                            36                            64                            
043                           2434                          1                             2                             5                             8                             6                             3                             12                            21                            29                            
044                           2866                          0                             1                             2                             3                             0                             3                             0                             3                             6                             
045                           1505                          0                             8                             20                            28                            6                             9                             19                            34                            62                            
046                           519                           0                             2                             1                             3                             0                             1                             2                             3                             6                             
047                           1790                          0                             3                             5                             8                             0                             3                             9                             12                            20                            
048                           3680                          0                             12                            8                             20                            1                             9                             7                             17                            37                            
049                           2811                          0                             6                             20                            26                            1                             4                             12                            17                            43                            
050                           2685                          0                             2                             6                             8                             1                             8                             5                             14                            22                            
051                           3545                          0                             0                             4                             4                             0                             4                             4                             8                             12                            
052                           3726                          0                             15                            20                            35                            0                             17                            38                            55                            90                            
053                           3424                          1                             4                             6                             11                            1                             13                            18                            32                            43                            
054                           2356                          0                             11                            34                            45                            2                             13                            24                            39                            84                            
055                           2549                          0                             3                             9                             12                            1                             8                             7                             16                            28                            
056                           2623                          2                             3                             5                             10                            0                             5                             4                             9                             19                            
057                           1012                          0                             0                             1                             1                             0                             2                             6                             8                             9                             
058                           4288                          1                             9                             13                            23                            0                             8                             17                            25                            48                            
059                           2650                          0                             3                             3                             6                             0                             3                             5                             8                             14                            
060                           3964                          1                             3                             15                            19                            4                             4                             5                             13                            32                            
061                           2816                          0                             5                             4                             9                             0                             7                             11                            18                            27                            
062                           2608                          1                             26                            61                            88                            3                             25                            60                            88                            176                           
063                           837                           1                             2                             2                             5                             0                             0                             3                             3                             8                             
064                           3817                          0                             1                             2                             3                             0                             1                             2                             3                             6                             
065                           2247                          0                             15                            19                            34                            0                             12                            18                            30                            64                            
066                           1276                          0                             4                             9                             13                            0                             7                             13                            20                            33                            
067                           2796                          0                             22                            54                            76                            3                             19                            59                            81                            157                           
068                           4564                          1                             14                            10                            25                            1                             15                            14                            30                            55                            
069                           4208                          0                             3                             6                             9                             0                             5                             1                             6                             15                            
070                           2475                          0                             3                             4                             7                             0                             5                             2                             7                             14                            
071                           2117                          0                             8                             7                             15                            0                             10                            22                            32                            47                            
072                           1318                          0                             1                             14                            15                            0                             12                            25                            37                            52                            
073                           2856                          0                             23                            59                            82                            5                             29                            74                            108                           190                           
074                           1557                          0                             9                             12                            21                            1                             4                             10                            15                            36                            
075                           2542                          1                             4                             2                             7                             2                             4                             7                             13                            20                            
077                           1955                          2                             9                             2                             13                            1                             3                             13                            17                            30                            
078                           2315                          1                             2                             5                             8                             0                             3                             0                             3                             11                            
079                           1790                          0                             2                             3                             5                             0                             6                             0                             6                             11                            
080                           0                             0                             0                             0                             0                             0                             0                             0                             0                             0                             
081                           2504                          1                             11                            28                            40                            0                             12                            29                            41                            81                            
082                           230                           0                             1                             4                             5                             0                             6                             0                             6                             11                            
083                           4319                          5                             40                            52                            97                            2                             33                            67                            102                           199                           
084                           1336                          0                             6                             10                            16                            2                             6                             3                             11                            27                            
085                           4072                          1                             10                            4                             15                            1                             13                            20                            34                            49                            
086                           698                           2                             8                             7                             17                            1                             6                             4                             11                            28                            
087                           2215                          0                             4                             2                             6                             1                             2                             2                             5                             11                            
088                           3230                          0                             1                             4                             5                             0                             3                             7                             10                            15                            
089                           631                           0                             2                             5                             7                             3                             2                             7                             12                            19                            
090                           4123                          0                             2                             2                             4                             1                             3                             2                             6                             10                            
091                           1145                          0                             4                             7                             11                            2                             1                             5                             8                             19                            
092                           610                           0                             0                             0                             0                             0                             0                             1                             1                             1                             
093                           281                           1                             0                             2                             3                             1                             0                             4                             5                             8                             
094                           2887                          2                             4                             5                             11                            1                             1                             10                            12                            23                            
095                           4454                          0                             4                             6                             10                            0                             6                             12                            18                            28                            
096                           2891                          2                             17                            46                            65                            7                             18                            74                            99                            164                           
097                           2749                          1                             5                             28                            34                            1                             15                            22                            38                            72                            
098                           3971                          0                             6                             13                            19                            1                             0                             6                             7                             26                            
099                           4322                          0                             1                             9                             10                            2                             6                             6                             14                            24                            
100                           3018                          1                             8                             5                             14                            3                             9                             10                            22                            36                            
101                           833                           1                             10                            11                            22                            0                             5                             9                             14                            36                            
102                           1127                          5                             8                             19                            32                            10                            14                            39                            63                            95                            
103                           3047                          2                             30                            26                            58                            1                             24                            54                            79                            137                           
104                           3933                          0                             4                             11                            15                            2                             3                             11                            16                            31                            
105                           3774                          0                             8                             26                            34                            1                             8                             26                            35                            69                            
106                           2758                          0                             9                             16                            25                            3                             8                             25                            36                            61                            
107                           2329                          3                             6                             17                            26                            1                             6                             22                            29                            55                            
108                           2400                          2                             1                             3                             6                             0                             5                             9                             14                            20                            
109                           3578                          0                             5                             8                             13                            0                             6                             8                             14                            27                            
110                           1579                          0                             1                             2                             3                             0                             1                             1                             2                             5                             
111                           2299                          0                             5                             23                            28                            1                             17                            26                            44                            72                            
112                           1741                          0                             0                             2                             2                             0                             2                             7                             9                             11                            
113                           2946                          1                             12                            14                            27                            1                             14                            22                            37                            64                            
114                           4127                          6                             28                            34                            68                            9                             33                            99                            141                           209                           
115                           2916                          0                             5                             6                             11                            0                             6                             20                            26                            37                            
116                           2933                          1                             10                            17                            28                            5                             5                             19                            29                            57                            
117                           3516                          0                             3                             5                             8                             2                             8                             6                             16                            24                            
118                           2722                          0                             4                             2                             6                             0                             5                             19                            24                            30                            
119                           1430                          0                             4                             2                             6                             0                             4                             2                             6                             12                            
120                           2394                          0                             3                             6                             9                             0                             7                             8                             15                            24                            
121                           364                           0                             1                             1                             2                             0                             3                             1                             4                             6                             
122                           2876                          0                             1                             4                             5                             1                             1                             4                             6                             11                            
123                           912                           1                             2                             6                             9                             1                             6                             2                             9                             18                            
124                           1354                          0                             6                             22                            28                            0                             7                             24                            31                            59                            
125                           1425                          0                             0                             5                             5                             0                             1                             12                            13                            18                            
126                           1863                          0                             2                             8                             10                            4                             8                             19                            31                            41                            
127                           1021                          0                             2                             2                             4                             1                             1                             1                             3                             7                             
128                           2664                          1                             0                             2                             3                             2                             1                             5                             8                             11                            
129                           184                           0                             1                             1                             2                             0                             1                             5                             6                             8                             
130                           1532                          1                             1                             4                             6                             3                             3                             15                            21                            27                            
131                           25                            0                             0                             0                             0                             0                             0                             0                             0                             0                             
132                           1022                          0                             0                             4                             4                             3                             4                             3                             10                            14                            
133                           168                           0                             0                             0                             0                             0                             0                             0                             0                             0                             
134                           1994                          1                             24                            20                            45                            0                             17                            52                            69                            114                           
135                           1864                          0                             9                             22                            31                            7                             9                             21                            37                            68                            
136                           1567                          2                             14                            19                            35                            1                             7                             40                            48                            83                            
137                           64                            0                             5                             0                             5                             0                             3                             0                             3                             8                             
138                           493                           0                             0                             0                             0                             0                             1                             0                             1                             1                             
139                           469                           0                             0                             2                             2                             0                             1                             6                             7                             9                             
140                           14                            0                             0                             0                             0                             0                             0                             0                             0                             0                             
141                           433                           0                             0                             0                             0                             0                             0                             3                             3                             3                             
142                           2521                          0                             3                             3                             6                             0                             9                             6                             15                            21                            
143                           3925                          2                             11                            7                             20                            1                             15                            24                            40                            60                            
144                           56                            0                             0                             0                             0                             0                             0                             0                             0                             0                             
145                           1130                          0                             1                             6                             7                             0                             3                             3                             6                             13                            
146                           3517                          0                             0                             2                             2                             1                             3                             6                             10                            12                            
147                           219                           0                             3                             0                             3                             0                             0                             1                             1                             4                             
148                           120                           0                             0                             0                             0                             0                             0                             0                             0                             0                             
149                           100                           0                             0                             0                             0                             0                             0                             0                             0                             0                             
150                           1589                          0                             1                             6                             7                             1                             4                             19                            24                            31                            
151                           3859                          0                             19                            19                            38                            5                             23                            61                            89                            127                           
152                           2669                          2                             9                             16                            27                            4                             20                            26                            50                            77                            
153                           481                           0                             0                             1                             1                             0                             0                             0                             0                             1                             
154                           3062                          2                             10                            8                             20                            1                             6                             9                             16                            36                            
155                           696                           0                             0                             5                             5                             0                             3                             6                             9                             14                            
156                           1921                          2                             2                             3                             7                             1                             3                             5                             9                             16                            
157                           1439                          0                             1                             1                             2                             0                             1                             3                             4                             6                             
158                           2470                          1                             10                            4                             15                            2                             4                             10                            16                            31                            
159                           688                           0                             0                             0                             0                             0                             3                             1                             4                             4                             
160                           414                           3                             1                             3                             7                             4                             3                             6                             13                            20                            
161                           2287                          0                             10                            22                            32                            4                             2                             21                            27                            59                            
162                           710                           2                             6                             17                            25                            1                             11                            24                            36                            61                            
163                           4442                          0                             7                             6                             13                            0                             2                             7                             9                             22                            
164                           2511                          1                             14                            23                            38                            3                             13                            25                            41                            79                            
165                           821                           1                             6                             9                             16                            0                             6                             23                            29                            45                            
166                           738                           0                             3                             7                             10                            0                             1                             10                            11                            21                            
167                           619                           0                             2                             12                            14                            0                             5                             19                            24                            38                            
168                           460                           0                             1                             4                             5                             0                             3                             2                             5                             10                            
169                           497                           0                             1                             0                             1                             0                             0                             1                             1                             2                             
170                           1047                          0                             1                             0                             1                             0                             0                             1                             1                             2                             
171                           1405                          0                             8                             16                            24                            1                             5                             19                            25                            49                            
172                           48                            1                             0                             0                             1                             0                             0                             0                             0                             1                             
173                           1996                          0                             7                             9                             16                            1                             12                            10                            23                            39                            
174                           1126                          0                             2                             0                             2                             2                             3                             2                             7                             9                             
175                           1338                          0                             1                             3                             4                             0                             4                             3                             7                             11                            
176                           1956                          0                             5                             2                             7                             0                             8                             2                             10                            17                            
177                           923                           0                             0                             0                             0                             0                             0                             5                             5                             5                             
178                           0                             0                             0                             0                             0                             0                             0                             0                             0                             0                             
179                           689                           0                             1                             4                             5                             0                             0                             0                             0                             5                             
180                           731                           0                             2                             1                             3                             0                             0                             2                             2                             5                             
181                           873                           6                             12                            20                            38                            5                             19                            44                            68                            106                           
182                           1738                          0                             1                             2                             3                             1                             1                             0                             2                             5                             
183                           3681                          0                             2                             7                             9                             0                             6                             9                             15                            24                            
184                           46                            0                             2                             0                             2                             0                             0                             2                             2                             4                             
185                           0                             0                             0                             0                             0                             0                             0                             0                             0                             0                             
186                           214                           0                             0                             2                             2                             0                             0                             2                             2                             4                             
187                           2925                          5                             6                             6                             17                            10                            12                            5                             27                            44                            
188                           2637                          6                             12                            19                            37                            3                             7                             49                            59                            96                            
189                           1254                          0                             0                             0                             0                             0                             0                             1                             1                             1                             
190                           713                           2                             1                             3                             6                             0                             0                             10                            10                            16                            
191                           757                           0                             4                             0                             4                             0                             3                             5                             8                             12                            
192                           655                           0                             0                             3                             3                             0                             2                             0                             2                             5                             
193                           681                           1                             1                             1                             3                             0                             3                             2                             5                             8                             
194                           2293                          5                             3                             18                            26                            4                             11                            16                            31                            57                            
195                           1264                          10                            12                            19                            41                            6                             13                            24                            43                            84                            
196                           948                           0                             3                             9                             12                            1                             7                             21                            29                            41                            
197                           1884                          0                             1                             0                             1                             0                             1                             1                             2                             3                             
198                           685                           0                             0                             0                             0                             0                             1                             0                             1                             1                             
199                           3112                          1                             20                            37                            58                            1                             9                             51                            61                            119                           
200                           2421                          2                             15                            32                            49                            1                             21                            49                            71                            120                           
201                           1314                          0                             7                             9                             16                            0                             12                            21                            33                            49                            
202                           976                           0                             10                            12                            22                            2                             5                             21                            28                            50                            
203                           3667                          0                             10                            19                            29                            0                             16                            15                            31                            60                            
204                           978                           1                             1                             6                             8                             0                             2                             6                             8                             16                            
205                           364                           1                             0                             2                             3                             0                             0                             0                             0                             3                             
206                           1773                          0                             6                             5                             11                            0                             5                             14                            19                            30                            
207                           2793                          0                             23                            46                            69                            0                             13                            43                            56                            125                           
208                           36                            0                             0                             0                             0                             0                             0                             0                             0                             0                             
209                           2303                          0                             2                             4                             6                             0                             1                             1                             2                             8                             
210                           676                           0                             0                             0                             0                             1                             0                             1                             2                             2                             
211                           886                           2                             2                             6                             10                            1                             6                             14                            21                            31                            
212                           2794                          0                             6                             7                             13                            0                             8                             9                             17                            30                            
213                           226                           0                             2                             0                             2                             0                             1                             1                             2                             4                             
214                           2167                          0                             7                             3                             10                            0                             6                             6                             12                            22                            
215                           1478                          1                             8                             6                             15                            0                             7                             4                             11                            26                            
216                           1713                          0                             3                             14                            17                            3                             8                             8                             19                            36                            
217                           234                           0                             0                             0                             0                             0                             0                             1                             1                             1                             
218                           1190                          2                             0                             5                             7                             0                             0                             2                             2                             9                             
219                           1619                          0                             4                             4                             8                             0                             1                             4                             5                             13                            
220                           666                           0                             0                             1                             1                             0                             1                             0                             1                             2                             
221                           2058                          2                             14                            10                            26                            0                             8                             16                            24                            50                            
222                           1979                          0                             3                             9                             12                            0                             3                             13                            16                            28                            
223                           862                           0                             3                             11                            14                            0                             1                             7                             8                             22                            
224                           221                           0                             0                             1                             1                             0                             1                             7                             8                             9                             
225                           352                           0                             0                             0                             0                             0                             0                             0                             0                             0                             
226                           4060                          0                             2                             2                             4                             0                             4                             6                             10                            14                            
227                           3888                          0                             3                             1                             4                             0                             6                             2                             8                             12                            
228                           1855                          1                             0                             0                             1                             0                             0                             2                             2                             3                             
229                           1547                          0                             2                             1                             3                             2                             2                             0                             4                             7                             
230                           1514                          0                             1                             15                            16                            0                             8                             16                            24                            40                            
231                           454                           0                             0                             2                             2                             1                             0                             0                             1                             3                             
232                           1873                          0                             3                             3                             6                             2                             4                             5                             11                            17                            
233                           1                             0                             0                             0                             0                             0                             0                             0                             0                             0                             
234                           2123                          0                             3                             4                             7                             0                             1                             4                             5                             12                            
235                           295                           0                             4                             1                             5                             0                             4                             5                             9                             14                            
236                           547                           0                             1                             7                             8                             0                             3                             3                             6                             14                            
237                           1006                          0                             2                             1                             3                             0                             0                             3                             3                             6                             
238                           199                           0                             0                             2                             2                             0                             0                             5                             5                             7                             
239                           3084                          5                             11                            18                            34                            2                             7                             16                            25                            59                            
240                           1097                          0                             3                             4                             7                             0                             3                             12                            15                            22                            
241                           1075                          0                             0                             0                             0                             0                             0                             0                             0                             0                             
242                           60                            0                             0                             0                             0                             0                             0                             0                             0                             0                             
243                           76                            0                             0                             1                             1                             0                             0                             2                             2                             3                             
244                           874                           0                             7                             7                             14                            1                             3                             5                             9                             23                            
245                           559                           0                             0                             2                             2                             0                             0                             0                             0                             2                             
246                           2                             0                             0                             0                             0                             0                             0                             0                             0                             0                             
247                           208                           0                             0                             3                             3                             0                             0                             2                             2                             5                             
248                           60                            0                             0                             0                             0                             0                             0                             0                             0                             0                             
249                           478                           0                             0                             1                             1                             0                             4                             4                             8                             9                             
250                           2193                          0                             1                             1                             2                             0                             5                             1                             6                             8                             
251                           11                            0                             0                             0                             0                             0                             0                             0                             0                             0                             
252                           9                             0                             0                             0                             0                             0                             0                             1                             1                             1                             
253                           385                           0                             2                             0                             2                             1                             0                             3                             4                             6                             
254                           3099                          0                             1                             3                             4                             1                             1                             3                             5                             9                             
255                           290                           0                             1                             1                             2                             0                             2                             6                             8                             10                            
256                           343                           0                             3                             4                             7                             0                             3                             9                             12                            19                            
257                           556                           0                             1                             0                             1                             1                             1                             1                             3                             4                             
258                           0                             0                             0                             0                             0                             0                             0                             0                             0                             0                             
259                           1182                          0                             0                             3                             3                             0                             2                             1                             3                             6                             
Totals:                       461553                        156                           1236                          2140                          3532                          259                           1424                          3128                          4811                          8343                          

                                                                                                                                 Railroad Commissioner
                                                            Bo French                                                                                                               Jim Wright                                                                                                              
Precinct                      Registered Voters             Absentee                      Election                      Early                         Choice Total                  Absentee                      Election                      Early                         Choice Total                  Total                         
001                           1039                          0                             0                             4                             4                             0                             1                             4                             5                             9                             
002                           2309                          0                             2                             14                            16                            3                             2                             16                            21                            37                            
003                           1210                          0                             1                             1                             2                             0                             3                             1                             4                             6                             
004                           3210                          0                             7                             18                            25                            0                             9                             15                            24                            49                            
005                           2062                          0                             0                             0                             0                             0                             2                             2                             4                             4                             
006                           3128                          2                             9                             20                            31                            2                             17                            38                            57                            88                            
007                           3349                          5                             10                            58                            73                            4                             30                            68                            102                           175                           
008                           2046                          0                             6                             31                            37                            2                             22                            42                            66                            103                           
009                           3229                          2                             10                            30                            42                            2                             14                            30                            46                            88                            
010                           2395                          0                             3                             8                             11                            2                             9                             5                             16                            27                            
011                           2026                          1                             0                             2                             3                             0                             0                             0                             0                             3                             
012                           3491                          0                             8                             10                            18                            1                             6                             5                             12                            30                            
013                           4337                          1                             11                            41                            53                            0                             17                            34                            51                            104                           
014                           1160                          0                             2                             4                             6                             1                             11                            8                             20                            26                            
015                           854                           0                             0                             4                             4                             2                             2                             8                             12                            16                            
016                           2281                          0                             3                             0                             3                             0                             3                             2                             5                             8                             
017                           1229                          1                             2                             0                             3                             0                             2                             2                             4                             7                             
018                           1988                          0                             3                             21                            24                            3                             5                             15                            23                            47                            
019                           187                           0                             3                             3                             6                             0                             2                             4                             6                             12                            
020                           2783                          0                             2                             0                             2                             0                             3                             4                             7                             9                             
021                           588                           0                             0                             3                             3                             1                             1                             2                             4                             7                             
022                           807                           0                             0                             1                             1                             0                             3                             1                             4                             5                             
023                           2277                          1                             5                             10                            16                            3                             11                            14                            28                            44                            
024                           283                           0                             3                             6                             9                             1                             6                             3                             10                            19                            
025                           2837                          3                             11                            16                            30                            5                             10                            24                            39                            69                            
026                           1006                          0                             4                             3                             7                             3                             4                             4                             11                            18                            
027                           987                           0                             3                             0                             3                             2                             2                             3                             7                             10                            
028                           3532                          1                             7                             9                             17                            4                             6                             8                             18                            35                            
029                           2004                          0                             4                             14                            18                            4                             8                             26                            38                            56                            
030                           2386                          0                             3                             1                             4                             0                             0                             3                             3                             7                             
031                           2792                          6                             5                             17                            28                            0                             6                             19                            25                            53                            
032                           2372                          0                             4                             8                             12                            0                             9                             19                            28                            40                            
033                           1566                          0                             8                             4                             12                            0                             3                             3                             6                             18                            
034                           946                           2                             4                             7                             13                            2                             4                             14                            20                            33                            
035                           3358                          0                             7                             18                            25                            1                             13                            9                             23                            48                            
036                           3301                          0                             13                            11                            24                            2                             4                             22                            28                            52                            
037                           1010                          0                             7                             6                             13                            1                             4                             9                             14                            27                            
038                           3732                          1                             11                            60                            72                            0                             20                            48                            68                            140                           
039                           2410                          0                             6                             6                             12                            0                             2                             6                             8                             20                            
040                           3280                          0                             1                             3                             4                             0                             5                             6                             11                            15                            
041                           2884                          0                             2                             2                             4                             0                             1                             3                             4                             8                             
042                           3656                          0                             11                            18                            29                            0                             10                            20                            30                            59                            
043                           2434                          3                             3                             10                            16                            4                             2                             7                             13                            29                            
044                           2866                          0                             2                             1                             3                             0                             1                             1                             2                             5                             
045                           1505                          3                             9                             24                            36                            3                             6                             14                            23                            59                            
046                           519                           0                             1                             1                             2                             0                             2                             2                             4                             6                             
047                           1790                          0                             0                             6                             6                             0                             6                             8                             14                            20                            
048                           3680                          0                             7                             5                             12                            0                             12                            10                            22                            34                            
049                           2811                          1                             2                             9                             12                            0                             8                             20                            28                            40                            
050                           2685                          0                             2                             1                             3                             1                             7                             10                            18                            21                            
051                           3545                          0                             2                             4                             6                             0                             2                             4                             6                             12                            
052                           3726                          0                             10                            32                            42                            0                             20                            25                            45                            87                            
053                           3424                          1                             6                             15                            22                            1                             10                            9                             20                            42                            
054                           2356                          1                             12                            27                            40                            1                             12                            29                            42                            82                            
055                           2549                          0                             7                             11                            18                            1                             4                             5                             10                            28                            
056                           2623                          2                             2                             4                             8                             0                             7                             5                             12                            20                            
057                           1012                          0                             0                             1                             1                             0                             2                             6                             8                             9                             
058                           4288                          1                             2                             20                            23                            0                             15                            10                            25                            48                            
059                           2650                          0                             3                             2                             5                             0                             3                             6                             9                             14                            
060                           3964                          1                             1                             10                            12                            4                             4                             9                             17                            29                            
061                           2816                          0                             7                             8                             15                            0                             5                             6                             11                            26                            
062                           2608                          3                             18                            42                            63                            1                             34                            74                            109                           172                           
063                           837                           0                             2                             4                             6                             1                             0                             1                             2                             8                             
064                           3817                          0                             1                             2                             3                             0                             1                             2                             3                             6                             
065                           2247                          0                             13                            19                            32                            0                             14                            16                            30                            62                            
066                           1276                          0                             7                             10                            17                            0                             4                             10                            14                            31                            
067                           2796                          2                             15                            52                            69                            1                             24                            57                            82                            151                           
068                           4564                          1                             15                            11                            27                            1                             9                             12                            22                            49                            
069                           4208                          0                             4                             3                             7                             0                             4                             4                             8                             15                            
070                           2475                          0                             1                             4                             5                             0                             6                             2                             8                             13                            
071                           2117                          0                             10                            14                            24                            0                             8                             15                            23                            47                            
072                           1318                          0                             3                             19                            22                            0                             10                            19                            29                            51                            
073                           2856                          3                             19                            63                            85                            2                             29                            62                            93                            178                           
074                           1557                          1                             8                             10                            19                            0                             4                             9                             13                            32                            
075                           2542                          2                             1                             7                             10                            1                             7                             2                             10                            20                            
077                           1955                          2                             7                             4                             13                            0                             5                             8                             13                            26                            
078                           2315                          0                             2                             1                             3                             1                             3                             4                             8                             11                            
079                           1790                          0                             6                             0                             6                             0                             2                             3                             5                             11                            
080                           0                             0                             0                             0                             0                             0                             0                             0                             0                             0                             
081                           2504                          1                             10                            23                            34                            0                             12                            32                            44                            78                            
082                           230                           0                             4                             3                             7                             0                             3                             1                             4                             11                            
083                           4319                          1                             25                            60                            86                            5                             45                            55                            105                           191                           
084                           1336                          0                             5                             7                             12                            2                             7                             4                             13                            25                            
085                           4072                          0                             7                             10                            17                            2                             16                            14                            32                            49                            
086                           698                           0                             5                             5                             10                            3                             9                             4                             16                            26                            
087                           2215                          0                             3                             2                             5                             1                             3                             2                             6                             11                            
088                           3230                          0                             2                             7                             9                             0                             2                             4                             6                             15                            
089                           631                           0                             3                             4                             7                             3                             1                             6                             10                            17                            
090                           4123                          1                             4                             2                             7                             0                             1                             1                             2                             9                             
091                           1145                          0                             2                             11                            13                            2                             3                             1                             6                             19                            
092                           610                           0                             0                             0                             0                             0                             0                             1                             1                             1                             
093                           281                           1                             0                             4                             5                             0                             0                             2                             2                             7                             
094                           2887                          2                             3                             9                             14                            1                             2                             6                             9                             23                            
095                           4454                          0                             5                             11                            16                            0                             5                             8                             13                            29                            
096                           2891                          5                             13                            57                            75                            4                             21                            61                            86                            161                           
097                           2749                          1                             4                             19                            24                            1                             15                            31                            47                            71                            
098                           3971                          0                             4                             9                             13                            1                             2                             8                             11                            24                            
099                           4322                          0                             3                             7                             10                            2                             3                             9                             14                            24                            
100                           3018                          1                             5                             6                             12                            3                             11                            9                             23                            35                            
101                           833                           0                             5                             10                            15                            1                             9                             10                            20                            35                            
102                           1127                          9                             8                             34                            51                            6                             13                            22                            41                            92                            
103                           3047                          0                             30                            29                            59                            1                             24                            51                            76                            135                           
104                           3933                          0                             6                             12                            18                            2                             1                             10                            13                            31                            
105                           3774                          0                             5                             27                            32                            1                             11                            25                            37                            69                            
106                           2758                          0                             6                             11                            17                            1                             11                            28                            40                            57                            
107                           2329                          3                             2                             19                            24                            1                             8                             18                            27                            51                            
108                           2400                          2                             4                             3                             9                             0                             2                             8                             10                            19                            
109                           3578                          0                             2                             4                             6                             0                             9                             12                            21                            27                            
110                           1579                          0                             0                             2                             2                             0                             2                             1                             3                             5                             
111                           2299                          0                             6                             29                            35                            1                             15                            17                            33                            68                            
112                           1741                          0                             1                             5                             6                             0                             1                             5                             6                             12                            
113                           2946                          0                             12                            17                            29                            2                             13                            19                            34                            63                            
114                           4127                          4                             21                            67                            92                            10                            36                            64                            110                           202                           
115                           2916                          0                             4                             7                             11                            0                             7                             20                            27                            38                            
116                           2933                          2                             3                             12                            17                            4                             12                            23                            39                            56                            
117                           3516                          1                             4                             7                             12                            1                             7                             4                             12                            24                            
118                           2722                          0                             4                             9                             13                            0                             5                             11                            16                            29                            
119                           1430                          0                             4                             0                             4                             0                             4                             4                             8                             12                            
120                           2394                          0                             6                             5                             11                            0                             4                             8                             12                            23                            
121                           364                           0                             1                             2                             3                             0                             3                             0                             3                             6                             
122                           2876                          1                             0                             4                             5                             0                             2                             3                             5                             10                            
123                           912                           0                             4                             6                             10                            2                             4                             2                             8                             18                            
124                           1354                          0                             5                             22                            27                            0                             9                             21                            30                            57                            
125                           1425                          0                             0                             10                            10                            0                             1                             8                             9                             19                            
126                           1863                          2                             3                             13                            18                            2                             7                             14                            23                            41                            
127                           1021                          0                             2                             0                             2                             1                             1                             3                             5                             7                             
128                           2664                          0                             0                             3                             3                             3                             1                             4                             8                             11                            
129                           184                           0                             1                             3                             4                             0                             1                             1                             2                             6                             
130                           1532                          3                             2                             10                            15                            1                             2                             8                             11                            26                            
131                           25                            0                             0                             0                             0                             0                             0                             0                             0                             0                             
132                           1022                          0                             2                             3                             5                             3                             2                             3                             8                             13                            
133                           168                           0                             0                             0                             0                             0                             0                             0                             0                             0                             
134                           1994                          0                             17                            33                            50                            1                             23                            38                            62                            112                           
135                           1864                          3                             7                             18                            28                            4                             9                             23                            36                            64                            
136                           1567                          0                             8                             20                            28                            2                             14                            33                            49                            77                            
137                           64                            0                             1                             0                             1                             0                             6                             0                             6                             7                             
138                           493                           0                             0                             0                             0                             0                             1                             0                             1                             1                             
139                           469                           0                             1                             0                             1                             0                             0                             7                             7                             8                             
140                           14                            0                             0                             0                             0                             0                             0                             0                             0                             0                             
141                           433                           0                             0                             0                             0                             0                             0                             3                             3                             3                             
142                           2521                          0                             3                             8                             11                            0                             9                             1                             10                            21                            
143                           3925                          1                             4                             20                            25                            2                             20                            11                            33                            58                            
144                           56                            0                             0                             0                             0                             0                             0                             0                             0                             0                             
145                           1130                          0                             1                             4                             5                             0                             3                             5                             8                             13                            
146                           3517                          1                             2                             1                             4                             0                             1                             7                             8                             12                            
147                           219                           0                             0                             1                             1                             0                             3                             0                             3                             4                             
148                           120                           0                             0                             0                             0                             0                             0                             0                             0                             0                             
149                           100                           0                             0                             0                             0                             0                             0                             0                             0                             0                             
150                           1589                          1                             2                             9                             12                            0                             3                             16                            19                            31                            
151                           3859                          2                             10                            35                            47                            3                             30                            46                            79                            126                           
152                           2669                          1                             14                            17                            32                            5                             15                            22                            42                            74                            
153                           481                           0                             0                             1                             1                             0                             0                             1                             1                             2                             
154                           3062                          2                             7                             7                             16                            1                             8                             10                            19                            35                            
155                           696                           0                             2                             5                             7                             0                             1                             7                             8                             15                            
156                           1921                          0                             3                             3                             6                             3                             2                             4                             9                             15                            
157                           1439                          0                             1                             0                             1                             0                             1                             3                             4                             5                             
158                           2470                          0                             3                             7                             10                            3                             11                            5                             19                            29                            
159                           688                           0                             3                             1                             4                             0                             0                             0                             0                             4                             
160                           414                           1                             2                             4                             7                             6                             2                             4                             12                            19                            
161                           2287                          2                             5                             19                            26                            2                             7                             23                            32                            58                            
162                           710                           0                             6                             12                            18                            3                             10                            27                            40                            58                            
163                           4442                          0                             5                             4                             9                             0                             4                             9                             13                            22                            
164                           2511                          1                             10                            17                            28                            3                             15                            27                            45                            73                            
165                           821                           0                             8                             14                            22                            1                             3                             17                            21                            43                            
166                           738                           0                             2                             8                             10                            0                             1                             9                             10                            20                            
167                           619                           0                             5                             11                            16                            0                             2                             20                            22                            38                            
168                           460                           0                             2                             4                             6                             0                             2                             2                             4                             10                            
169                           497                           0                             0                             0                             0                             0                             1                             1                             2                             2                             
170                           1047                          0                             1                             0                             1                             0                             0                             1                             1                             2                             
171                           1405                          0                             4                             13                            17                            1                             8                             22                            31                            48                            
172                           48                            0                             0                             0                             0                             1                             0                             0                             1                             1                             
173                           1996                          1                             12                            13                            26                            0                             8                             6                             14                            40                            
174                           1126                          0                             3                             2                             5                             2                             2                             0                             4                             9                             
175                           1338                          0                             2                             4                             6                             0                             3                             2                             5                             11                            
176                           1956                          0                             8                             4                             12                            0                             5                             0                             5                             17                            
177                           923                           0                             0                             2                             2                             0                             0                             3                             3                             5                             
178                           0                             0                             0                             0                             0                             0                             0                             0                             0                             0                             
179                           689                           0                             0                             0                             0                             0                             1                             2                             3                             3                             
180                           731                           0                             2                             0                             2                             0                             0                             3                             3                             5                             
181                           873                           3                             9                             37                            49                            6                             19                            26                            51                            100                           
182                           1738                          0                             1                             2                             3                             1                             1                             0                             2                             5                             
183                           3681                          0                             4                             10                            14                            0                             4                             7                             11                            25                            
184                           46                            0                             2                             1                             3                             0                             0                             1                             1                             4                             
185                           0                             0                             0                             0                             0                             0                             0                             0                             0                             0                             
186                           214                           0                             0                             0                             0                             0                             0                             4                             4                             4                             
187                           2925                          1                             5                             3                             9                             12                            12                            6                             30                            39                            
188                           2637                          2                             11                            30                            43                            5                             8                             32                            45                            88                            
189                           1254                          0                             0                             0                             0                             0                             0                             1                             1                             1                             
190                           713                           0                             0                             4                             4                             2                             1                             9                             12                            16                            
191                           757                           0                             2                             5                             7                             0                             5                             0                             5                             12                            
192                           655                           0                             0                             3                             3                             0                             2                             0                             2                             5                             
193                           681                           0                             1                             1                             2                             1                             3                             2                             6                             8                             
194                           2293                          5                             8                             17                            30                            4                             6                             16                            26                            56                            
195                           1264                          6                             17                            22                            45                            10                            8                             21                            39                            84                            
196                           948                           1                             7                             17                            25                            0                             3                             11                            14                            39                            
197                           1884                          0                             1                             1                             2                             0                             1                             0                             1                             3                             
198                           685                           0                             1                             0                             1                             0                             0                             0                             0                             1                             
199                           3112                          0                             12                            23                            35                            2                             17                            63                            82                            117                           
200                           2421                          1                             12                            36                            49                            2                             23                            44                            69                            118                           
201                           1314                          0                             6                             16                            22                            0                             13                            13                            26                            48                            
202                           976                           1                             6                             14                            21                            1                             7                             18                            26                            47                            
203                           3667                          0                             10                            10                            20                            0                             13                            23                            36                            56                            
204                           978                           0                             2                             6                             8                             1                             1                             6                             8                             16                            
205                           364                           0                             0                             1                             1                             1                             0                             1                             2                             3                             
206                           1773                          0                             5                             12                            17                            0                             6                             7                             13                            30                            
207                           2793                          0                             14                            39                            53                            0                             20                            46                            66                            119                           
208                           36                            0                             0                             0                             0                             0                             0                             0                             0                             0                             
209                           2303                          0                             1                             2                             3                             0                             2                             3                             5                             8                             
210                           676                           0                             0                             0                             0                             1                             0                             1                             2                             2                             
211                           886                           0                             4                             7                             11                            3                             4                             11                            18                            29                            
212                           2794                          0                             3                             9                             12                            0                             11                            7                             18                            30                            
213                           226                           0                             1                             0                             1                             0                             2                             1                             3                             4                             
214                           2167                          0                             2                             5                             7                             0                             11                            4                             15                            22                            
215                           1478                          1                             8                             2                             11                            0                             6                             7                             13                            24                            
216                           1713                          2                             4                             11                            17                            1                             5                             10                            16                            33                            
217                           234                           0                             0                             0                             0                             0                             0                             0                             0                             0                             
218                           1190                          2                             0                             0                             2                             0                             0                             7                             7                             9                             
219                           1619                          0                             2                             4                             6                             0                             2                             4                             6                             12                            
220                           666                           0                             0                             1                             1                             0                             1                             0                             1                             2                             
221                           2058                          1                             6                             14                            21                            1                             15                            12                            28                            49                            
222                           1979                          0                             1                             7                             8                             0                             5                             14                            19                            27                            
223                           862                           0                             1                             6                             7                             0                             2                             11                            13                            20                            
224                           221                           0                             0                             2                             2                             0                             1                             6                             7                             9                             
225                           352                           0                             0                             0                             0                             0                             0                             0                             0                             0                             
226                           4060                          0                             3                             6                             9                             0                             3                             2                             5                             14                            
227                           3888                          0                             4                             2                             6                             0                             5                             1                             6                             12                            
228                           1855                          0                             0                             1                             1                             1                             0                             1                             2                             3                             
229                           1547                          2                             1                             1                             4                             0                             3                             0                             3                             7                             
230                           1514                          0                             5                             12                            17                            0                             2                             16                            18                            35                            
231                           454                           0                             0                             0                             0                             1                             0                             1                             2                             2                             
232                           1873                          0                             4                             6                             10                            2                             3                             1                             6                             16                            
233                           1                             0                             0                             0                             0                             0                             0                             0                             0                             0                             
234                           2123                          0                             1                             4                             5                             0                             3                             4                             7                             12                            
235                           295                           0                             3                             2                             5                             0                             4                             4                             8                             13                            
236                           547                           0                             1                             6                             7                             0                             3                             3                             6                             13                            
237                           1006                          0                             0                             3                             3                             0                             2                             1                             3                             6                             
238                           199                           0                             0                             4                             4                             0                             0                             3                             3                             7                             
239                           3084                          4                             5                             14                            23                            3                             12                            19                            34                            57                            
240                           1097                          0                             4                             10                            14                            0                             2                             6                             8                             22                            
241                           1075                          0                             0                             0                             0                             0                             0                             0                             0                             0                             
242                           60                            0                             0                             0                             0                             0                             0                             0                             0                             0                             
243                           76                            0                             0                             0                             0                             0                             0                             3                             3                             3                             
244                           874                           1                             3                             5                             9                             0                             7                             8                             15                            24                            
245                           559                           0                             0                             0                             0                             0                             0                             2                             2                             2                             
246                           2                             0                             0                             0                             0                             0                             0                             0                             0                             0                             
247                           208                           0                             0                             4                             4                             0                             0                             1                             1                             5                             
248                           60                            0                             0                             0                             0                             0                             0                             0                             0                             0                             
249                           478                           0                             0                             3                             3                             0                             4                             2                             6                             9                             
250                           2193                          0                             2                             0                             2                             0                             4                             2                             6                             8                             
251                           11                            0                             0                             0                             0                             0                             0                             0                             0                             0                             
252                           9                             0                             0                             0                             0                             0                             0                             1                             1                             1                             
253                           385                           1                             0                             1                             2                             0                             2                             0                             2                             4                             
254                           3099                          1                             1                             4                             6                             0                             1                             2                             3                             9                             
255                           290                           0                             2                             3                             5                             0                             1                             4                             5                             10                            
256                           343                           0                             4                             8                             12                            0                             2                             4                             6                             18                            
257                           556                           0                             2                             1                             3                             1                             0                             0                             1                             4                             
258                           0                             0                             0                             0                             0                             0                             0                             0                             0                             0                             
259                           1182                          0                             0                             2                             2                             0                             2                             2                             4                             6                             
Totals:                       461553                        144                           1051                          2392                          3587                          252                           1511                          2709                          4472                          8059                          

                                                                                                             Judge, Court of Criminal Appeals, Place 3
                                                            Thomas Smith                                                                                                            Alison Fox                                                                                                              
Precinct                      Registered Voters             Absentee                      Election                      Early                         Choice Total                  Absentee                      Election                      Early                         Choice Total                  Total                         
001                           1039                          0                             0                             6                             6                             0                             1                             2                             3                             9                             
002                           2309                          2                             1                             24                            27                            1                             2                             6                             9                             36                            
003                           1210                          0                             2                             2                             4                             0                             2                             0                             2                             6                             
004                           3210                          0                             10                            19                            29                            0                             6                             12                            18                            47                            
005                           2062                          0                             0                             0                             0                             0                             2                             2                             4                             4                             
006                           3128                          3                             16                            35                            54                            1                             7                             19                            27                            81                            
007                           3349                          2                             24                            63                            89                            7                             14                            49                            70                            159                           
008                           2046                          2                             19                            50                            71                            0                             6                             22                            28                            99                            
009                           3229                          0                             16                            42                            58                            4                             7                             11                            22                            80                            
010                           2395                          0                             9                             11                            20                            2                             1                             2                             5                             25                            
011                           2026                          1                             0                             1                             2                             0                             0                             1                             1                             3                             
012                           3491                          1                             9                             11                            21                            0                             2                             3                             5                             26                            
013                           4337                          0                             18                            51                            69                            1                             9                             20                            30                            99                            
014                           1160                          0                             5                             8                             13                            1                             7                             5                             13                            26                            
015                           854                           0                             2                             7                             9                             2                             0                             5                             7                             16                            
016                           2281                          0                             3                             2                             5                             0                             3                             0                             3                             8                             
017                           1229                          1                             3                             2                             6                             0                             1                             0                             1                             7                             
018                           1988                          1                             5                             23                            29                            2                             4                             12                            18                            47                            
019                           187                           0                             5                             4                             9                             0                             0                             1                             1                             10                            
020                           2783                          0                             4                             4                             8                             0                             1                             0                             1                             9                             
021                           588                           0                             1                             5                             6                             1                             0                             0                             1                             7                             
022                           807                           0                             1                             2                             3                             0                             2                             0                             2                             5                             
023                           2277                          3                             12                            14                            29                            2                             4                             9                             15                            44                            
024                           283                           1                             6                             6                             13                            0                             0                             3                             3                             16                            
025                           2837                          5                             18                            26                            49                            3                             2                             12                            17                            66                            
026                           1006                          2                             6                             4                             12                            1                             2                             1                             4                             16                            
027                           987                           1                             2                             0                             3                             1                             3                             3                             7                             10                            
028                           3532                          4                             9                             13                            26                            1                             3                             4                             8                             34                            
029                           2004                          2                             8                             21                            31                            2                             2                             16                            20                            51                            
030                           2386                          0                             3                             4                             7                             0                             0                             1                             1                             8                             
031                           2792                          3                             9                             22                            34                            3                             2                             14                            19                            53                            
032                           2372                          0                             7                             21                            28                            0                             5                             5                             10                            38                            
033                           1566                          0                             7                             6                             13                            0                             4                             1                             5                             18                            
034                           946                           2                             4                             17                            23                            2                             4                             4                             10                            33                            
035                           3358                          1                             11                            19                            31                            0                             8                             8                             16                            47                            
036                           3301                          1                             9                             27                            37                            1                             7                             6                             14                            51                            
037                           1010                          1                             7                             10                            18                            0                             4                             5                             9                             27                            
038                           3732                          1                             19                            76                            96                            0                             7                             29                            36                            132                           
039                           2410                          0                             6                             10                            16                            0                             2                             1                             3                             19                            
040                           3280                          0                             5                             5                             10                            0                             1                             2                             3                             13                            
041                           2884                          0                             2                             3                             5                             0                             1                             2                             3                             8                             
042                           3656                          0                             12                            29                            41                            0                             9                             8                             17                            58                            
043                           2434                          2                             3                             10                            15                            5                             2                             6                             13                            28                            
044                           2866                          0                             1                             1                             2                             0                             0                             1                             1                             3                             
045                           1505                          2                             10                            30                            42                            4                             4                             7                             15                            57                            
046                           519                           0                             1                             3                             4                             0                             2                             0                             2                             6                             
047                           1790                          0                             4                             8                             12                            0                             2                             6                             8                             20                            
048                           3680                          0                             18                            13                            31                            0                             2                             2                             4                             35                            
049                           2811                          1                             7                             18                            26                            0                             2                             11                            13                            39                            
050                           2685                          1                             6                             8                             15                            0                             2                             2                             4                             19                            
051                           3545                          0                             3                             6                             9                             0                             1                             3                             4                             13                            
052                           3726                          0                             18                            37                            55                            0                             12                            14                            26                            81                            
053                           3424                          1                             10                            15                            26                            1                             4                             9                             14                            40                            
054                           2356                          1                             17                            40                            58                            1                             6                             12                            19                            77                            
055                           2549                          1                             4                             11                            16                            0                             5                             5                             10                            26                            
056                           2623                          2                             6                             7                             15                            0                             2                             2                             4                             19                            
057                           1012                          0                             1                             4                             5                             0                             1                             3                             4                             9                             
058                           4288                          1                             10                            21                            32                            0                             7                             8                             15                            47                            
059                           2650                          0                             5                             6                             11                            0                             1                             2                             3                             14                            
060                           3964                          3                             4                             15                            22                            2                             1                             4                             7                             29                            
061                           2816                          0                             8                             9                             17                            0                             4                             5                             9                             26                            
062                           2608                          0                             27                            73                            100                           4                             20                            38                            62                            162                           
063                           837                           0                             1                             4                             5                             1                             1                             1                             3                             8                             
064                           3817                          0                             2                             5                             7                             0                             0                             0                             0                             7                             
065                           2247                          0                             15                            19                            34                            0                             12                            12                            24                            58                            
066                           1276                          0                             6                             14                            20                            0                             4                             5                             9                             29                            
067                           2796                          3                             23                            65                            91                            0                             11                            37                            48                            139                           
068                           4564                          1                             17                            16                            34                            1                             6                             6                             13                            47                            
069                           4208                          0                             5                             5                             10                            0                             2                             1                             3                             13                            
070                           2475                          0                             3                             5                             8                             0                             4                             0                             4                             12                            
071                           2117                          0                             14                            17                            31                            0                             4                             12                            16                            47                            
072                           1318                          0                             3                             27                            30                            0                             7                             11                            18                            48                            
073                           2856                          0                             30                            75                            105                           5                             20                            41                            66                            171                           
074                           1557                          1                             6                             13                            20                            0                             2                             6                             8                             28                            
075                           2542                          2                             6                             8                             16                            0                             2                             1                             3                             19                            
077                           1955                          1                             5                             10                            16                            2                             6                             3                             11                            27                            
078                           2315                          1                             2                             5                             8                             0                             1                             0                             1                             9                             
079                           1790                          0                             7                             2                             9                             0                             0                             1                             1                             10                            
080                           0                             0                             0                             0                             0                             0                             0                             0                             0                             0                             
081                           2504                          1                             14                            35                            50                            0                             7                             19                            26                            76                            
082                           230                           0                             7                             3                             10                            0                             0                             0                             0                             10                            
083                           4319                          3                             42                            71                            116                           4                             24                            40                            68                            184                           
084                           1336                          2                             8                             10                            20                            0                             3                             1                             4                             24                            
085                           4072                          1                             15                            13                            29                            1                             8                             11                            20                            49                            
086                           698                           1                             8                             5                             14                            2                             3                             3                             8                             22                            
087                           2215                          0                             3                             4                             7                             1                             2                             0                             3                             10                            
088                           3230                          0                             1                             10                            11                            0                             2                             1                             3                             14                            
089                           631                           1                             2                             5                             8                             2                             2                             5                             9                             17                            
090                           4123                          0                             1                             2                             3                             1                             3                             1                             5                             8                             
091                           1145                          2                             5                             11                            18                            0                             0                             1                             1                             19                            
092                           610                           0                             0                             1                             1                             0                             0                             0                             0                             1                             
093                           281                           2                             0                             3                             5                             0                             0                             2                             2                             7                             
094                           2887                          0                             3                             13                            16                            2                             2                             1                             5                             21                            
095                           4454                          0                             8                             16                            24                            0                             2                             3                             5                             29                            
096                           2891                          7                             24                            79                            110                           2                             8                             35                            45                            155                           
097                           2749                          1                             15                            33                            49                            1                             3                             14                            18                            67                            
098                           3971                          1                             5                             13                            19                            0                             1                             4                             5                             24                            
099                           4322                          0                             6                             13                            19                            2                             0                             2                             4                             23                            
100                           3018                          1                             13                            13                            27                            3                             3                             2                             8                             35                            
101                           833                           1                             8                             14                            23                            0                             6                             4                             10                            33                            
102                           1127                          6                             13                            36                            55                            9                             5                             18                            32                            87                            
103                           3047                          1                             36                            59                            96                            0                             11                            19                            30                            126                           
104                           3933                          0                             7                             7                             14                            2                             0                             14                            16                            30                            
105                           3774                          0                             7                             26                            33                            1                             8                             26                            35                            68                            
106                           2758                          0                             9                             19                            28                            1                             6                             18                            25                            53                            
107                           2329                          2                             10                            22                            34                            2                             1                             15                            18                            52                            
108                           2400                          2                             4                             10                            16                            0                             2                             2                             4                             20                            
109                           3578                          0                             7                             10                            17                            0                             3                             5                             8                             25                            
110                           1579                          0                             1                             1                             2                             0                             1                             2                             3                             5                             
111                           2299                          1                             14                            34                            49                            0                             5                             10                            15                            64                            
112                           1741                          0                             0                             3                             3                             0                             1                             6                             7                             10                            
113                           2946                          2                             14                            22                            38                            0                             9                             11                            20                            58                            
114                           4127                          9                             32                            89                            130                           5                             21                            31                            57                            187                           
115                           2916                          0                             5                             17                            22                            0                             4                             9                             13                            35                            
116                           2933                          4                             11                            28                            43                            2                             5                             6                             13                            56                            
117                           3516                          2                             9                             10                            21                            0                             2                             1                             3                             24                            
118                           2722                          0                             7                             12                            19                            0                             0                             6                             6                             25                            
119                           1430                          0                             8                             3                             11                            0                             0                             1                             1                             12                            
120                           2394                          0                             6                             10                            16                            0                             4                             3                             7                             23                            
121                           364                           0                             2                             1                             3                             0                             2                             1                             3                             6                             
122                           2876                          1                             1                             6                             8                             0                             1                             0                             1                             9                             
123                           912                           1                             3                             6                             10                            1                             5                             2                             8                             18                            
124                           1354                          0                             10                            27                            37                            0                             3                             13                            16                            53                            
125                           1425                          0                             1                             11                            12                            0                             0                             5                             5                             17                            
126                           1863                          2                             10                            14                            26                            2                             0                             11                            13                            39                            
127                           1021                          0                             2                             2                             4                             1                             1                             1                             3                             7                             
128                           2664                          3                             1                             5                             9                             0                             0                             2                             2                             11                            
129                           184                           0                             2                             3                             5                             0                             0                             0                             0                             5                             
130                           1532                          4                             3                             12                            19                            0                             0                             4                             4                             23                            
131                           25                            0                             0                             0                             0                             0                             0                             0                             0                             0                             
132                           1022                          4                             2                             4                             10                            0                             2                             2                             4                             14                            
133                           168                           0                             0                             0                             0                             0                             0                             0                             0                             0                             
134                           1994                          0                             25                            39                            64                            1                             13                            30                            44                            108                           
135                           1864                          4                             13                            28                            45                            2                             3                             9                             14                            59                            
136                           1567                          0                             16                            26                            42                            2                             4                             26                            32                            74                            
137                           64                            0                             3                             0                             3                             0                             4                             0                             4                             7                             
138                           493                           0                             1                             0                             1                             0                             0                             0                             0                             1                             
139                           469                           0                             1                             4                             5                             0                             0                             4                             4                             9                             
140                           14                            0                             0                             0                             0                             0                             0                             0                             0                             0                             
141                           433                           0                             0                             1                             1                             0                             0                             2                             2                             3                             
142                           2521                          0                             9                             7                             16                            0                             3                             2                             5                             21                            
143                           3925                          3                             13                            19                            35                            0                             8                             9                             17                            52                            
144                           56                            0                             0                             0                             0                             0                             0                             0                             0                             0                             
145                           1130                          0                             2                             6                             8                             0                             2                             3                             5                             13                            
146                           3517                          0                             3                             3                             6                             1                             0                             4                             5                             11                            
147                           219                           0                             2                             1                             3                             0                             1                             0                             1                             4                             
148                           120                           0                             0                             0                             0                             0                             0                             0                             0                             0                             
149                           100                           0                             0                             0                             0                             0                             0                             0                             0                             0                             
150                           1589                          1                             2                             12                            15                            0                             3                             12                            15                            30                            
151                           3859                          1                             25                            50                            76                            4                             15                            26                            45                            121                           
152                           2669                          3                             17                            26                            46                            3                             7                             12                            22                            68                            
153                           481                           0                             0                             1                             1                             0                             0                             0                             0                             1                             
154                           3062                          2                             12                            11                            25                            1                             3                             6                             10                            35                            
155                           696                           0                             2                             8                             10                            0                             1                             2                             3                             13                            
156                           1921                          3                             4                             5                             12                            0                             1                             2                             3                             15                            
157                           1439                          0                             0                             0                             0                             0                             2                             3                             5                             5                             
158                           2470                          3                             8                             10                            21                            0                             6                             3                             9                             30                            
159                           688                           0                             2                             0                             2                             0                             0                             1                             1                             3                             
160                           414                           5                             3                             5                             13                            2                             1                             3                             6                             19                            
161                           2287                          0                             7                             30                            37                            2                             5                             12                            19                            56                            
162                           710                           2                             10                            23                            35                            1                             6                             12                            19                            54                            
163                           4442                          0                             8                             8                             16                            0                             1                             1                             2                             18                            
164                           2511                          2                             14                            30                            46                            1                             12                            13                            26                            72                            
165                           821                           1                             6                             22                            29                            0                             4                             8                             12                            41                            
166                           738                           0                             2                             10                            12                            0                             1                             6                             7                             19                            
167                           619                           0                             6                             12                            18                            0                             1                             16                            17                            35                            
168                           460                           0                             3                             6                             9                             0                             0                             0                             0                             9                             
169                           497                           0                             1                             1                             2                             0                             0                             0                             0                             2                             
170                           1047                          0                             1                             1                             2                             0                             0                             0                             0                             2                             
171                           1405                          1                             5                             25                            31                            0                             4                             10                            14                            45                            
172                           48                            1                             0                             0                             1                             0                             0                             0                             0                             1                             
173                           1996                          1                             13                            13                            27                            0                             5                             7                             12                            39                            
174                           1126                          2                             5                             2                             9                             0                             0                             0                             0                             9                             
175                           1338                          0                             4                             4                             8                             0                             1                             2                             3                             11                            
176                           1956                          0                             12                            3                             15                            0                             1                             1                             2                             17                            
177                           923                           0                             0                             3                             3                             0                             0                             2                             2                             5                             
178                           0                             0                             0                             0                             0                             0                             0                             0                             0                             0                             
179                           689                           0                             0                             2                             2                             0                             1                             0                             1                             3                             
180                           731                           0                             2                             1                             3                             0                             0                             2                             2                             5                             
181                           873                           5                             18                            40                            63                            4                             8                             19                            31                            94                            
182                           1738                          1                             1                             0                             2                             0                             0                             1                             1                             3                             
183                           3681                          0                             5                             13                            18                            0                             3                             4                             7                             25                            
184                           46                            0                             0                             2                             2                             0                             2                             0                             2                             4                             
185                           0                             0                             0                             0                             0                             0                             0                             0                             0                             0                             
186                           214                           0                             0                             3                             3                             0                             0                             1                             1                             4                             
187                           2925                          6                             11                            3                             20                            7                             4                             4                             15                            35                            
188                           2637                          5                             14                            49                            68                            2                             3                             12                            17                            85                            
189                           1254                          0                             0                             0                             0                             0                             0                             1                             1                             1                             
190                           713                           0                             1                             9                             10                            2                             0                             4                             6                             16                            
191                           757                           0                             4                             5                             9                             0                             3                             0                             3                             12                            
192                           655                           0                             1                             3                             4                             0                             1                             0                             1                             5                             
193                           681                           0                             1                             2                             3                             1                             3                             1                             5                             8                             
194                           2293                          7                             9                             20                            36                            2                             3                             12                            17                            53                            
195                           1264                          13                            16                            23                            52                            3                             7                             15                            25                            77                            
196                           948                           1                             5                             20                            26                            0                             4                             6                             10                            36                            
197                           1884                          0                             1                             0                             1                             0                             1                             1                             2                             3                             
198                           685                           0                             1                             0                             1                             0                             0                             0                             0                             1                             
199                           3112                          2                             12                            43                            57                            0                             11                            36                            47                            104                           
200                           2421                          2                             24                            55                            81                            1                             11                            22                            34                            115                           
201                           1314                          0                             11                            21                            32                            0                             7                             7                             14                            46                            
202                           976                           0                             4                             20                            24                            2                             9                             11                            22                            46                            
203                           3667                          0                             14                            17                            31                            0                             7                             15                            22                            53                            
204                           978                           0                             1                             10                            11                            1                             1                             1                             3                             14                            
205                           364                           1                             0                             0                             1                             0                             0                             0                             0                             1                             
206                           1773                          0                             5                             15                            20                            0                             5                             4                             9                             29                            
207                           2793                          0                             16                            57                            73                            0                             15                            27                            42                            115                           
208                           36                            0                             0                             0                             0                             0                             0                             0                             0                             0                             
209                           2303                          0                             0                             2                             2                             0                             3                             3                             6                             8                             
210                           676                           0                             0                             0                             0                             1                             0                             1                             2                             2                             
211                           886                           3                             4                             9                             16                            0                             4                             11                            15                            31                            
212                           2794                          0                             11                            10                            21                            0                             3                             5                             8                             29                            
213                           226                           0                             1                             1                             2                             0                             2                             0                             2                             4                             
214                           2167                          0                             7                             7                             14                            0                             6                             2                             8                             22                            
215                           1478                          0                             6                             5                             11                            1                             8                             3                             12                            23                            
216                           1713                          2                             6                             16                            24                            1                             5                             5                             11                            35                            
217                           234                           0                             0                             1                             1                             0                             0                             0                             0                             1                             
218                           1190                          2                             0                             4                             6                             0                             0                             3                             3                             9                             
219                           1619                          0                             4                             8                             12                            0                             1                             0                             1                             13                            
220                           666                           0                             0                             1                             1                             0                             1                             0                             1                             2                             
221                           2058                          2                             12                            14                            28                            0                             7                             9                             16                            44                            
222                           1979                          0                             1                             18                            19                            0                             5                             3                             8                             27                            
223                           862                           0                             2                             10                            12                            0                             1                             6                             7                             19                            
224                           221                           0                             0                             2                             2                             0                             0                             6                             6                             8                             
225                           352                           0                             0                             0                             0                             0                             0                             0                             0                             0                             
226                           4060                          0                             4                             6                             10                            0                             2                             2                             4                             14                            
227                           3888                          0                             5                             4                             9                             0                             4                             0                             4                             13                            
228                           1855                          1                             0                             2                             3                             0                             0                             0                             0                             3                             
229                           1547                          2                             1                             1                             4                             0                             3                             0                             3                             7                             
230                           1514                          0                             3                             15                            18                            0                             4                             11                            15                            33                            
231                           454                           0                             0                             0                             0                             1                             0                             2                             3                             3                             
232                           1873                          2                             7                             7                             16                            0                             0                             0                             0                             16                            
233                           1                             0                             0                             0                             0                             0                             0                             0                             0                             0                             
234                           2123                          0                             4                             8                             12                            0                             0                             0                             0                             12                            
235                           295                           0                             5                             5                             10                            0                             2                             1                             3                             13                            
236                           547                           0                             2                             8                             10                            0                             1                             1                             2                             12                            
237                           1006                          0                             1                             4                             5                             0                             1                             0                             1                             6                             
238                           199                           0                             0                             6                             6                             0                             0                             0                             0                             6                             
239                           3084                          3                             13                            19                            35                            3                             3                             15                            21                            56                            
240                           1097                          0                             5                             13                            18                            0                             1                             2                             3                             21                            
241                           1075                          0                             0                             0                             0                             0                             0                             0                             0                             0                             
242                           60                            0                             0                             0                             0                             0                             0                             0                             0                             0                             
243                           76                            0                             0                             3                             3                             0                             0                             0                             0                             3                             
244                           874                           1                             6                             7                             14                            0                             4                             5                             9                             23                            
245                           559                           0                             0                             1                             1                             0                             0                             1                             1                             2                             
246                           2                             0                             0                             0                             0                             0                             0                             0                             0                             0                             
247                           208                           0                             0                             3                             3                             0                             0                             1                             1                             4                             
248                           60                            0                             0                             0                             0                             0                             0                             0                             0                             0                             
249                           478                           0                             3                             2                             5                             0                             1                             3                             4                             9                             
250                           2193                          0                             2                             2                             4                             0                             4                             0                             4                             8                             
251                           11                            0                             0                             0                             0                             0                             0                             0                             0                             0                             
252                           9                             0                             0                             1                             1                             0                             0                             0                             0                             1                             
253                           385                           1                             0                             0                             1                             0                             2                             0                             2                             3                             
254                           3099                          1                             2                             6                             9                             0                             0                             0                             0                             9                             
255                           290                           0                             2                             6                             8                             0                             1                             0                             1                             9                             
256                           343                           0                             4                             4                             8                             0                             2                             8                             10                            18                            
257                           556                           0                             2                             1                             3                             0                             0                             0                             0                             3                             
258                           0                             0                             0                             0                             0                             0                             0                             0                             0                             0                             
259                           1182                          0                             2                             2                             4                             0                             0                             2                             2                             6                             
Totals:                       461553                        230                           1612                          3338                          5180                          163                           798                           1542                          2503                          7683                          

                                                                                                                      State Representative District 40
                                                            Nehemias 'Memo' Gomez                                                                                                   Celeste Cabrera-Huff                                                                                                    
Precinct                      Registered Voters             Absentee                      Election                      Early                         Choice Total                  Absentee                      Election                      Early                         Choice Total                  Total                         
004                           3210                          0                             4                             11                            15                            0                             12                            23                            35                            50                            
012                           3491                          0                             2                             3                             5                             1                             7                             11                            19                            24                            
014                           1160                          1                             2                             2                             5                             0                             10                            11                            21                            26                            
015                           854                           0                             1                             3                             4                             2                             1                             9                             12                            16                            
030                           2386                          0                             1                             2                             3                             0                             1                             3                             4                             7                             
031                           2792                          2                             5                             7                             14                            4                             5                             27                            36                            50                            
035                           3358                          0                             5                             6                             11                            1                             14                            20                            35                            46                            
043                           2434                          0                             2                             4                             6                             7                             3                             11                            21                            27                            
052                           3726                          0                             9                             7                             16                            0                             21                            41                            62                            78                            
053                           3424                          1                             3                             5                             9                             1                             13                            18                            32                            41                            
059                           2650                          0                             2                             2                             4                             0                             3                             6                             9                             13                            
061                           2816                          0                             3                             7                             10                            0                             9                             6                             15                            25                            
068                           4564                          1                             9                             11                            21                            1                             18                            12                            31                            52                            
069                           4208                          0                             4                             3                             7                             0                             4                             4                             8                             15                            
075                           2542                          0                             4                             4                             8                             3                             4                             4                             11                            19                            
089                           631                           3                             1                             5                             9                             0                             3                             6                             9                             18                            
090                           4123                          0                             1                             2                             3                             1                             4                             0                             5                             8                             
104                           3933                          0                             2                             5                             7                             2                             4                             15                            21                            28                            
106                           2758                          0                             7                             13                            20                            1                             9                             24                            34                            54                            
108                           2400                          2                             2                             8                             12                            0                             3                             4                             7                             19                            
109                           3578                          0                             3                             8                             11                            0                             8                             7                             15                            26                            
115                           2916                          0                             2                             8                             10                            0                             9                             18                            27                            37                            
119                           1430                          0                             3                             1                             4                             0                             3                             2                             5                             9                             
142                           2521                          0                             4                             4                             8                             0                             7                             5                             12                            20                            
143                           3925                          0                             6                             9                             15                            3                             16                            22                            41                            56                            
151                           3859                          2                             9                             18                            29                            3                             31                            61                            95                            124                           
152                           2669                          3                             12                            11                            26                            3                             15                            27                            45                            71                            
153                           481                           0                             0                             0                             0                             0                             0                             1                             1                             1                             
154                           3062                          0                             11                            9                             20                            3                             4                             8                             15                            35                            
156                           1921                          0                             0                             3                             3                             3                             5                             4                             12                            15                            
158                           2470                          1                             2                             3                             6                             2                             12                            9                             23                            29                            
159                           688                           0                             0                             0                             0                             0                             2                             1                             3                             3                             
168                           460                           0                             1                             4                             5                             0                             3                             2                             5                             10                            
214                           2167                          0                             5                             4                             9                             0                             8                             4                             12                            21                            
222                           1979                          0                             2                             5                             7                             0                             4                             14                            18                            25                            
225                           352                           0                             0                             0                             0                             0                             0                             0                             0                             0                             
230                           1514                          0                             1                             14                            15                            0                             5                             11                            16                            31                            
237                           1006                          0                             2                             2                             4                             0                             0                             2                             2                             6                             
239                           3084                          0                             4                             5                             9                             6                             11                            28                            45                            54                            
259                           1182                          0                             2                             1                             3                             0                             0                             3                             3                             6                             
Totals:                       98724                         16                            138                           219                           373                           47                            291                           484                           822                           1195                          

                                                                                                                      State Representative District 41
                                                            Sergio Sanchez                                                                                                          Gary Groves                                                                                                             
Precinct                      Registered Voters             Absentee                      Election                      Early                         Choice Total                  Absentee                      Election                      Early                         Choice Total                  Total                         
006                           3128                          2                             15                            19                            36                            2                             11                            40                            53                            89                            
007                           3349                          2                             11                            31                            44                            7                             31                            101                           139                           183                           
008                           2046                          0                             14                            17                            31                            2                             14                            59                            75                            106                           
013                           4337                          0                             15                            31                            46                            1                             13                            45                            59                            105                           
018                           1988                          3                             7                             9                             19                            0                             6                             32                            38                            57                            
026                           1006                          1                             3                             0                             4                             2                             5                             6                             13                            17                            
027                           987                           0                             3                             1                             4                             2                             2                             2                             6                             10                            
034                           946                           2                             2                             6                             10                            2                             7                             15                            24                            34                            
037                           1010                          0                             3                             7                             10                            1                             8                             9                             18                            28                            
038                           3732                          1                             10                            38                            49                            0                             23                            73                            96                            145                           
047                           1790                          0                             5                             6                             11                            0                             2                             8                             10                            21                            
049                           2811                          0                             4                             18                            22                            1                             6                             14                            21                            43                            
054                           2356                          1                             12                            22                            35                            1                             12                            35                            48                            83                            
060                           3964                          3                             5                             14                            22                            2                             3                             7                             12                            34                            
062                           2608                          1                             33                            52                            86                            3                             23                            75                            101                           187                           
065                           2247                          0                             13                            11                            24                            1                             14                            25                            40                            64                            
066                           1276                          0                             6                             8                             14                            0                             7                             14                            21                            35                            
067                           2796                          1                             16                            36                            53                            2                             26                            78                            106                           159                           
072                           1318                          0                             4                             16                            20                            0                             10                            23                            33                            53                            
073                           2856                          3                             33                            61                            97                            2                             22                            76                            100                           197                           
074                           1557                          0                             3                             9                             12                            1                             10                            13                            24                            36                            
080                           0                             0                             0                             0                             0                             0                             0                             0                             0                             0                             
081                           2504                          0                             9                             25                            34                            1                             14                            36                            51                            85                            
083                           4319                          4                             29                            40                            73                            3                             40                            81                            124                           197                           
084                           1336                          0                             3                             4                             7                             2                             9                             10                            21                            28                            
096                           2891                          1                             17                            41                            59                            8                             18                            79                            105                           164                           
097                           2749                          0                             5                             15                            20                            2                             15                            36                            53                            73                            
105                           3774                          0                             4                             18                            22                            1                             12                            35                            48                            70                            
107                           2329                          4                             5                             15                            24                            0                             7                             25                            32                            56                            
116                           2933                          3                             8                             14                            25                            3                             8                             20                            31                            56                            
124                           1354                          0                             8                             16                            24                            0                             7                             31                            38                            62                            
129                           184                           0                             0                             1                             1                             0                             2                             6                             8                             9                             
134                           1994                          1                             14                            16                            31                            0                             28                            56                            84                            115                           
135                           1864                          1                             5                             13                            19                            6                             13                            31                            50                            69                            
136                           1567                          0                             2                             17                            19                            2                             21                            42                            65                            84                            
138                           493                           0                             0                             0                             0                             0                             1                             0                             1                             1                             
139                           469                           0                             0                             1                             1                             0                             1                             7                             8                             9                             
140                           14                            0                             0                             0                             0                             0                             0                             0                             0                             0                             
141                           433                           0                             0                             2                             2                             0                             0                             1                             1                             3                             
144                           56                            0                             0                             0                             0                             0                             0                             0                             0                             0                             
148                           120                           0                             0                             0                             0                             0                             0                             0                             0                             0                             
150                           1589                          0                             2                             13                            15                            1                             3                             12                            16                            31                            
160                           414                           2                             0                             1                             3                             5                             4                             8                             17                            20                            
161                           2287                          2                             7                             13                            22                            2                             5                             30                            37                            59                            
162                           710                           1                             4                             13                            18                            2                             14                            27                            43                            61                            
164                           2511                          1                             16                            20                            37                            3                             11                            28                            42                            79                            
166                           738                           0                             2                             4                             6                             0                             1                             13                            14                            20                            
167                           619                           0                             3                             15                            18                            0                             4                             19                            23                            41                            
188                           2637                          2                             8                             29                            39                            5                             11                            35                            51                            90                            
199                           3112                          0                             22                            31                            53                            2                             9                             61                            72                            125                           
200                           2421                          0                             10                            19                            29                            3                             27                            61                            91                            120                           
201                           1314                          0                             10                            17                            27                            0                             9                             13                            22                            49                            
206                           1773                          0                             5                             6                             11                            0                             6                             13                            19                            30                            
207                           2793                          0                             14                            35                            49                            0                             23                            58                            81                            130                           
208                           36                            0                             0                             0                             0                             0                             0                             0                             0                             0                             
211                           886                           2                             0                             11                            13                            1                             8                             10                            19                            32                            
216                           1713                          1                             2                             9                             12                            2                             9                             13                            24                            36                            
221                           2058                          2                             10                            14                            26                            0                             11                            13                            24                            50                            
223                           862                           0                             2                             5                             7                             0                             2                             12                            14                            21                            
224                           221                           0                             3                             5                             8                             0                             0                             3                             3                             11                            
231                           454                           0                             0                             2                             2                             1                             0                             1                             2                             4                             
240                           1097                          0                             4                             9                             13                            0                             2                             7                             9                             22                            
246                           2                             0                             0                             0                             0                             0                             0                             0                             0                             0                             
252                           9                             0                             0                             0                             0                             0                             0                             1                             1                             1                             
256                           343                           0                             2                             6                             8                             0                             4                             7                             11                            19                            
258                           0                             0                             0                             0                             0                             0                             0                             0                             0                             0                             
Totals:                       110090                        47                            452                           927                           1426                          87                            614                           1691                          2392                          3818                          

